"Instruction","Op1","Op2","Op3","Op4","APM
Vol","Cpuid flag","Ops","Unit","Latency","Throughput"
"AAA",,,,,3,"general","ucode",,3,0.3
"AAD",,,,,3,"general","ucode",,5,0.5
"AAM",,,,,3,"general","ucode",,,
"AAS",,,,,3,"general","ucode",,6,
"ADC","reg","reg/mem",,,3,"general",1,"ALU",1,4
"ADCX","reg","reg/mem",,,3,"ADX",1,"ALU0/1/2",1,3
"ADD","reg","reg/mem",,,3,"general",1,"ALU",1,4
"ADDPD","xmm1","xmm2",,,4,"SSE2",1,"FP2/3",3,2
"ADDPS","xmm1","xmm2",,,4,"SSE",1,"FP2/3",3,2
"ADDSD","xmm1","xmm2",,,4,"SSE2",1,"FP2/3",3,2
"ADDSS","xmm1","xmm2",,,4,"SSE",1,"FP2/3",3,2
"ADDSUBPD","xmm1","xmm2",,,4,"SSE3",1,"FP2/3",3,2
"ADDSUBPS","xmm1","xmm2",,,4,"SSE3",1,"FP2/3",3,2
"ADOX","reg","reg/mem",,,3,"ADX",1,"ALU0/1/2",1,3
"AESDEC","xmm1","xmm2",,,4,"AES",1,"FP0/1",4,2
"AESDECLAST","xmm1","xmm2",,,4,"AES",1,"FP0/1",4,2
"AESENC","xmm1","xmm2",,,4,"AES",1,"FP0/1",4,2
"AESENCLAST","xmm1","xmm2",,,4,"AES",1,"FP0/1",4,2
"AESIMC","xmm1","xmm2",,,4,"AES",1,"FP0/1",4,2
"AESKEYGENASSIST","xmm1","xmm2","imm",,4,"AES",1,"FP0/1",4,2
"AND","reg","reg/mem",,,3,"general",1,"ALU",1,4
"ANDN","reg32/64","reg32/64","mem32/64",,3,"BMI",1,"ALU",1,4
"ANDN","reg32/64","reg32/64","reg32/64",,3,"BMI",1,"ALU",1,4
"ANDNPD","xmm1","xmm2",,,4,"SSE2",1,"FP0/1/2/3",1,4
"ANDNPS","xmm1","xmm2",,,4,"SSE",1,"FP0/1/2/3",1,4
"ANDPD","xmm1","xmm2",,,4,"SSE2",1,"FP0/1/2/3",1,4
"ANDPS","xmm1","xmm2",,,4,"SSE",1,"FP0/1/2/3",1,4
"ARPL","reg/mem","reg",,,3,"general","ucode",,,
"BEXTR","reg","reg","reg",,3,"BMI",1,"ALU1/2",1,2
"BEXTR","reg32/64","reg32/64","imm32",,3,"TBM","not supported",,,
"BLCFILL","reg","mem",,,3,"TBM","not supported",,,
"BLCFILL","reg","reg",,,3,"TBM","not supported",,,
"BLCI","reg","mem",,,3,"TBM","not supported",,,
"BLCI","reg","reg",,,3,"TBM","not supported",,,
"BLCIC","reg","mem",,,3,"TBM","not supported",,,
"BLCIC","reg","reg",,,3,"TBM","not supported",,,
"BLCMSK","reg","mem",,,3,"TBM","not supported",,,
"BLCMSK","reg","reg",,,3,"TBM","not supported",,,
"BLCS","reg","mem",,,3,"TBM","not supported",,,
"BLCS","reg","reg",,,3,"TBM","not supported",,,
"BLENDPD","xmm1","xmm2","imm",,4,"SSE4.1",1,"FP0/1/2/3",1,4
"BLENDPS","xmm1","xmm2","imm",,4,"SSE4.1",1,"FP0/1/2/3",1,4
"BLENDVPD","xmm1","xmm2","<xmm0>",,4,"SSE4.1",1,"FP0/1",1,2
"BLENDVPS","xmm1","xmm2","<xmm0>",,4,"SSE4.1",1,"FP0/1",1,2
"BLSFILL","reg","mem",,,3,"TBM","not supported",,,
"BLSFILL","reg","reg",,,3,"TBM","not supported",,,
"BLSI","reg","mem",,,3,"BMI",2,"ALU",2,2
"BLSI","reg32/64","reg32/64",,,3,"BMI",2,"ALU",2,2
"BLSIC","reg","mem",,,3,"TBM","not supported",,,
"BLSIC","reg32/64","reg32/64",,,3,"TBM","not supported",,,
"BLSMSK","reg32/64","reg32/64",,,3,"BMI",2,"ALU",2,2
"BLSR","reg32/64","reg32/64",,,3,"BMI",2,"ALU",2,2
"BOUND",,,,,3,"general","ucode",,,
"BSF",,,,,3,"general",6,,3,0.5
"BSR",,,,,3,"general",6,,4,0.25
"BSWAP",,,,,3,"general",1,"ALU",1,4
"BT",,,,,3,"general",1,"ALU1/2",1,2
"BTC",,,,,3,"general",2,"ALU1/2",2,1
"BTR",,,,,3,"general",2,"ALU1/2",2,1
"BTS",,,,,3,"general",2,"ALU1/2",2,1
"BZHI","reg","reg/mem","reg",,3,"BMI2",1,"ALU1/2",1,2
"CALL (near)","imm16/32",,,,3,"general",2,"BRU, ST",1,1
"CALL (near)","mem16/32/64",,,,3,"general","ucode",,,
"CALL (near)","reg16/32/64",,,,3,"general",2,"BRU, ST",1,1
"CALL FAR","pntr16/mem16:16/32",,,,3,"general","ucode",,,
"CBW",,,,,3,"general",1,"ALU",1,4
"CDQ",,,,,3,"general",1,"ALU",1,4
"CDQE",,,,,3,"AMD64",1,"ALU",1,4
"CLAC",,,,,3,"SMAP","ucode",,,
"CLC",,,,,3,"general",1,,0,6
"CLD",,,,,3,"general","ucode",,3,0.3
"CLFLUSH",,,,,3,"SSE2",1,"ST","complex",1
"CLFLUSHOPT",,,,,3,"CLFLUSHOPT",1,"ST","complex",1
"CLGI",,,,,3,"SVM","ucode",,,
"CLI",,,,,3,"general","ucode",,,
"CLRSSBSY",,,,,3,"SS","ucode",,,
"CLTS",,,,,3,"general","ucode",,,
"CLZERO","mem8",,,,3,"CLZERO",1,"ST","complex",1
"CMC",,,,,3,"general",1,"ALU0/3",1,2
"CMOVB",,,,,3,"general",1,"ALU0/3",1,2
"CMOVBE",,,,,3,"general",1,"ALU0/3",1,2
"CMOVL",,,,,3,"general",1,"ALU0/3",1,2
"CMOVLE",,,,,3,"general",1,"ALU0/3",1,2
"CMOVNB",,,,,3,"general",1,"ALU0/3",1,2
"CMOVNBE",,,,,3,"general",1,"ALU0/3",1,2
"CMOVNL",,,,,3,"general",1,"ALU0/3",1,2
"CMOVNLE",,,,,3,"general",1,"ALU0/3",1,2
"CMOVNO",,,,,3,"general",1,"ALU0/3",1,2
"CMOVNP",,,,,3,"general",1,"ALU0/3",1,2
"CMOVNS",,,,,3,"general",1,"ALU0/3",1,2
"CMOVNZ",,,,,3,"general",1,"ALU0/3",1,2
"CMOVO",,,,,3,"general",1,"ALU0/3",1,2
"CMOVP",,,,,3,"general",1,"ALU0/3",1,2
"CMOVS",,,,,3,"general",1,"ALU0/3",1,2
"CMOVZ",,,,,3,"general",1,"ALU0/3",1,2
"CMP",,,,,3,"general",1,"ALU",1,4
"CMPccPD","xmm1","xmm2","imm8",,4,"SSE2",1,"FP2/3",1,2
"CMPccPS","xmm1","xmm2",,,4,"SSE",1,"FP2/3",1,2
"CMPccSD","xmm1","xmm2","imm8",,4,"SSE2",1,"FP2/3",1,2
"CMPccSS","xmm1","xmm2",,,4,"SSE",1,"FP2/3",1,2
"CMPS",,,,,3,"general","ucode",,,
"CMPSB",,,,,3,"AMD64","ucode",,,
"CMPSD",,,,,3,"AMD64","ucode",,,
"CMPSQ",,,,,3,"AMD64","ucode",,,
"CMPSW",,,,,3,"AMD64","ucode",,,
"CMPXCHG",,,,,3,"general","ucode",,3,0.333333333333333
"CMPXCHG16B",,,,,3,"CMPXCHG16B","ucode",,"?",
"CMPXCHG8B",,,,,3,"CMPXCHG8B","ucode",,"?",
"COMISD","xmm1","xmm2",,,4,"SSE2",2,"FP2/3, FP4",1,1
"COMISS","xmm1","xmm2",,,4,"SSE",2,"FP2/3, FP4",1,1
"CPUID",,,,,3,"general","ucode",,,
"CQO",,,,,3,"AMD64",1,"ALU",1,4
"CRC32","reg32","reg32",,,3,"SSE4.2",1,"ALU1",3,1
"CVTDQ2PD","xmm1","xmm2",,,4,"SSE2",1,"FP2/3",3,2
"CVTDQ2PS","xmm1","xmm2",,,4,"SSE2",1,"FP2/3",3,2
"CVTPD2DQ","xmm1","xmm2",,,4,"SSE2",1,"FP2/3",3,2
"CVTPD2PI","mmx1","xmm1",,,5,"SSE2",2,"FP2/3, FP1/2",4,1.5
"CVTPD2PS","xmm1","xmm2",,,4,"SSE2",1,"FP2/3",3,2
"CVTPI2PD","xmm1","mmx1",,,5,"SSE2",2,"FP2/3, FP1/2",4,1.5
"CVTPI2PS","xmm1","mmx1",,,5,"SSE",2,"FP2/3, FP1/2",4,1.5
"CVTPS2DQ","xmm1","xmm2",,,4,"SSE2",1,"FP2/3",3,2
"CVTPS2PD","xmm1","xmm2",,,4,"SSE2",1,"FP2/3",3,2
"CVTPS2PI","mmx1","xmm1",,,5,"SSE",1,"FP2/3",3,2
"CVTSD2SI","reg32","xmm1",,,4,"SSE2",2,"FP2/3, FP4",4,1
"CVTSD2SS","xmm1","xmm2",,,4,"SSE2",1,"FP2/3",3,2
"CVTSI2SD","xmm1","reg32",,,4,"SSE2",2,"ALU2, FP2/3",4,1
"CVTSI2SS","xmm1","reg32",,,4,"SSE",2,"ALU2, FP2/3",4,1
"CVTSS2SD","xmm1","xmm2",,,4,"SSE2",1,"FP2/3",3,2
"CVTSS2SI","reg32","xmm1",,,4,"SSE",2,"FP2/3, FP4",4,1
"CVTTPD2DQ","xmm1","xmm2",,,4,"SSE2",1,"FP2/3",3,2
"CVTTPD2PI","mmx1","xmm1",,,5,"SSE2",2,"FP2/3, FP1/2",4,1.5
"CVTTPS2DQ","xmm1","xmm2",,,4,"SSE2",1,"FP2/3",3,2
"CVTTPS2PI","mmx1","xmm1",,,5,"SSE",1,"FP2/3",3,2
"CVTTSD2SI","reg32","xmm1",,,4,"SSE2",2,"FP2/3, FP4",4,1
"CVTTSS2SI","reg32","xmm1",,,4,"SSE",2,"FP2/3, FP4",4,1
"CWD",,,,,3,"general",1,"ALU",1,4
"CWDE",,,,,3,"general",1,"ALU",1,4
"DAA",,,,,3,"general","ucode",,,
"DAS",,,,,3,"general","ucode",,,
"DEC",,,,,3,"general",1,"ALU",1,4
"DIV","reg/mem16",,,,3,"general",2,"DIV",10,0.250
"DIV","reg/mem32",,,,3,"general",2,"DIV",12,0.167
"DIV","reg/mem64",,,,3,"general",2,"DIV",18,0.100
"DIV","reg/mem8",,,,3,"general",2,"DIV",9,0.250
"DIVPD","xmm1","xmm2",,,4,"SSE2",1,"FP1",13,0.15
"DIVPS","xmm1","xmm2",,,4,"SSE",1,"FP1",10,0.20
"DIVSD","xmm1","xmm2",,,4,"SSE2",1,"FP1",13,0.15
"DIVSS","xmm1","xmm2",,,4,"SSE",1,"FP1",10,0.20
"DPPD","xmm1","xmm2",,,4,"SSE4.1","ucode",,,
"DPPS","xmm1","xmm2",,,4,"SSE4.1","ucode",,,
"EMMS",,,,,5,"MMX",1,,0,1
"ENTER",,,,,3,"general","ucode",,,
"EXTRACTPS","reg32","xmm2","imm",,4,"SSE4.1",2,"FP1/2, FP4",2,1
"EXTRQ","xmm1","imm8","imm8",,4,"SSE4A",2,"FP1/2, FP4",4,1
"EXTRQ","xmm1","xmm2",,,4,"SSE4A",2,"FP1/2, FP4",3,1
"F2XM1",,,,,5,"X87","ucode",,,
"FABS",,,,,5,"X87",1,"FP0/1",1,2
"FADD",,,,,5,"X87",1,"FP0",6,1
"FADDP",,,,,5,"X87",1,"FP0",6,1
"FBLD",,,,,5,"X87","ucode",,,
"FBSTP",,,,,5,"X87","ucode",,,
"FCHS",,,,,5,"X87",1,"FP0/1",1,2
"FCLEX",,,,,5,"X87","ucode",,,
"FCMOVB",,,,,5,"X87","ucode",,,
"FCMOVBE",,,,,5,"X87","ucode",,,
"FCMOVE",,,,,5,"X87","ucode",,,
"FCMOVNB",,,,,5,"X87","ucode",,,
"FCMOVNBE",,,,,5,"X87","ucode",,,
"FCMOVNE",,,,,5,"X87","ucode",,,
"FCMOVNU",,,,,5,"X87","ucode",,,
"FCMOVU",,,,,5,"X87","ucode",,,
"FCOM",,,,,5,"X87",1,"FP1",3,1
"FCOMI",,,,,5,"X87",2,"FP1,FP2",4,1
"FCOMIP",,,,,5,"X87",2,"FP1, FP2",4,1
"FCOMP",,,,,5,"X87",1,"FP1",3,1
"FCOMPP",,,,,5,"X87",1,"FP1",3,1
"FCOS",,,,,5,"X87","ucode",,,
"FDECSTP",,,,,5,"X87",1,"-",0,4
"FDIV",,,,,5,"X87",1,"FP1",15,0.07
"FDIVP",,,,,5,"X87",1,"FP1",15,0.07
"FDIVR",,,,,5,"X87",1,"FP1",15,0.07
"FDIVRP",,,,,5,"X87",1,"FP1",15,0.07
"FFREE",,,,,5,"X87",1,"-",0,4
"FIADD",,,,,5,"X87",2,"FP1, FP0",10,1
"FICOM",,,,,5,"X87",2,"FP1, FP0",7,1
"FICOMP",,,,,5,"X87",2,"FP1, FP0",7,1
"FIDIV",,,,,5,"X87",2,"FP1, FP1",19,0.05
"FIDIVR",,,,,5,"X87",2,"FP1, FP1",19,0.05
"FILD",,,,,5,"X87",1,"FP1",4,1
"FIMUL",,,,,5,"X87",2,"FP1, FP0",10,1
"FINCSTP",,,,,5,"X87",1,"-",0,4
"FINIT",,,,,5,"X87","ucode",,,
"FIST",,,,,5,"X87",2,"FP1, FP4",5,1
"FISTP",,,,,5,"X87",2,"FP1, FP4",5,1
"FISTTP",,,,,5,"X87",2,"FP1, FP4",5,1
"FISUB",,,,,5,"X87",2,"FP1, FP0",10,1
"FISUBR",,,,,5,"X87",2,"FP1, FP0",10,1
"FLD","mem32/64",,,,5,"X87",1,"FP0/1",1,2
"FLD","mem80",,,,5,"X87","ucode",,,
"FLD","Sti",,,,5,"X87",1,"FP0/1",1,2
"FLD1",,,,,5,"X87",1,"FP1",4,1
"FLDCW",,,,,5,"X87","ucode",,,
"FLDENV",,,,,5,"X87","ucode",,,
"FLDL2E",,,,,5,"X87",1,"FP1",4,1
"FLDL2T",,,,,5,"X87",1,"FP1",4,1
"FLDLG2",,,,,5,"X87",1,"FP1",4,1
"FLDLN2",,,,,5,"X87",1,"FP1",4,1
"FLDPI",,,,,5,"X87",1,"FP1",4,1
"FLDZ",,,,,5,"X87",1,"FP1",4,1
"FMUL",,,,,5,"X87",1,"FP0",6,1
"FMULP",,,,,5,"X87",1,"FP0",6,1
"FNCLEX",,,,,5,"X87","ucode",,,
"FNINIT",,,,,5,"X87","ucode",,,
"FNOP",,,,,5,"X87",1,,0,4
"FNSAVE",,,,,5,"X87","ucode",,,
"FNSTCW",,,,,5,"X87","ucode",,,
"FNSTENV",,,,,5,"X87","ucode",,,
"FNSTSW","ax",,,,5,"X87","ucode",,,
"FNSTSW","mem16",,,,5,"X87","ucode",,,
"FPATAN",,,,,5,"X87","ucode",,,
"FPREM",,,,,5,"X87","ucode",,,
"FPREM1",,,,,5,"X87","ucode",,,
"FPTAN",,,,,5,"X87","ucode",,,
"FRNDINT",,,,,5,"X87","ucode",,,
"FRSTOR",,,,,5,"X87","ucode",,,
"FSAVE",,,,,5,"X87","ucode",,,
"FSCALE",,,,,5,"X87","ucode",,,
"FSIN",,,,,5,"X87","ucode",,,
"FSINCOS",,,,,5,"X87","ucode",,,
"FSQRT",,,,,5,"X87",1,"FP1",22,0.05
"FST","mem32/64",,,,5,"X87",2,"FP1, FP4",5,1
"FST","Sti",,,,5,"X87",1,"FP1",1,1
"FSTCW",,,,,5,"X87","ucode",,,
"FSTENV",,,,,5,"X87","ucode",,,
"FSTP","mem32/64",,,,5,"X87",2,"FP1, FP4",5,1
"FSTP","mem80",,,,5,"X87","ucode",,,
"FSTP","Sti",,,,5,"X87",1,"FP1",1,1
"FSTSW",,,,,5,"X87","ucode",,,
"FSUB",,,,,5,"X87",1,"FP0",6,1
"FSUBP",,,,,5,"X87",1,"FP0",6,1
"FSUBR",,,,,5,"X87",1,"FP0",6,1
"FSUBRP",,,,,5,"X87",1,"FP0",6,1
"FTST",,,,,5,"X87",1,"FP0",3,1
"FUCOM",,,,,5,"X87",1,"FP0",3,1
"FUCOMI",,,,,5,"X87",2,"FP0, FP4",4,1
"FUCOMIP",,,,,5,"X87",2,"FP0, FP4",4,1
"FUCOMP",,,,,5,"X87",1,"FP0",3,1
"FUCOMPP",,,,,5,"X87",1,"FP0",3,1
"FWAIT",,,,,5,"X87","None",,,
"FXAM",,,,,5,"X87",1,"FP0/1",1,2
"FXCH",,,,,5,"X87",1,"-",0,4
"FXRSTOR",,,,,5,"SSE","ucode",,,
"FXSAVE",,,,,5,"SSE","ucode",,,
"FXTRACT",,,,,5,"X87","ucode",,,
"FYL2X",,,,,5,"X87","ucode",,,
"FYL2XP1",,,,,5,"X87","ucode",,,
"HADDPD","xmm1","xmm2",,,4,"SSE3","ucode",,3,1
"HADDPS","xmm1","xmm2",,,4,"SSE3","ucode",,3,1
"HLT",,,,,3,"general","ucode",,,
"HSUBPD","xmm1","xmm2",,,4,"SSE3",1,"FP0",3,1
"HSUBPS","xmm1","xmm2",,,4,"SSE3",1,"FP0",3,1
"IDIV","reg16",,,,3,"general",2,"DIV",10,0.250
"IDIV","reg32",,,,3,"general",2,"DIV",12,0.167
"IDIV","reg64",,,,3,"general",2,"DIV",18,0.100
"IDIV","reg8",,,,3,"general",2,"DIV",9,0.250
"IMUL","reg64",,,,3,"general","1-2","ALU1","3,4",1
"IMUL","reg8/16/32",,,,3,"general","1-2","ALU1",3,1
"IN",,,,,3,"general","ucode",,,
"INC",,,,,3,"general",1,"ALU",1,4
"INCSSP","reg32/64",,,,3,"SS","ucode",,,
"INS","mem",,,,3,"general","ucode",,,
"INSB",,,,,3,"general","ucode",,,
"INSD",,,,,3,"general","ucode",,,
"INSERTPS","xmm1","xmm2","imm",,4,"SSE4.1",1,"FP1/2",1,2
"INSERTQ","xmm1","xmm2","imm8","imm8",4,"SSE4A",2,"FP0/3,FP1",4,1
"INSERTQ","xmm1","xmm2",,,4,"SSE4A",1,"FP1",3,1
"INSW",,,,,3,"general","ucode",,,
"INT",,,,,3,"general","ucode",,,
"INT1",,,,,3,"general","ucode",,,
"INT3",,,,,3,"general","ucode",,,
"INTO",,,,,3,"general","ucode",,,
"INVD",,,,,3,"general","ucode",,,
"INVLPG",,,,,3,"general","ucode",,,
"INVLPGA",,,,,3,"SVM","ucode",,,
"INVLPGB",,,,,3,"INVLPGB","ucode",,,
"INVPCID","reg32/64","mem128",,,3,"INVPCID","ucode",,,
"IRET",,,,,3,"general","ucode",,,
"IRETD",,,,,3,"general","ucode",,,
"IRETQ",,,,,3,"AMD64","ucode",,,
"Jcc",,,,,3,"general",1,"BRU",1,2
"JCXZ",,,,,3,"general",1,"BRU",1,2
"JECXZ",,,,,3,"general",1,"BRU",1,2
"JMP (near)","imm8/16/32",,,,3,"general",1,"-",,1
"JMP (near)","reg16/32/64",,,,3,"general",1,"BRU",,1
"JMP FAR","pntr16/mem16:16/32",,,,3,"general","ucode",,,
"JRCXZ",,,,,3,"AMD64",1,"BRU",1,2
"LAHF",,,,,3,"general",1,"ALU0/3",1,2
"LAR",,,,,3,"general","ucode",,,
"LDDQU","xmm1","mem128",,,4,"SSE3",1,,,2
"LDMXCSR",,,,,4,"SSE","ucode",,,
"LDS",,,,,3,"general","ucode",,,
"LEA",,,,,3,"general",1,"ALU2/3",2,2
"LEA",,,,,3,"general",1,"ALU",1,4
"LEAVE",,,,,3,"general",2,"ALU, ST",1,2
"LES",,,,,3,"general","ucode",,,
"LFENCE",,,,,3,"SSE2",1,,,4
"LFS",,,,,3,"general","ucode",,,
"LGDT",,,,,3,"general","ucode",,,
"LGS",,,,,3,"general","ucode",,,
"LIDT",,,,,3,"general","ucode",,,
"LLDT",,,,,3,"general","ucode",,,
"LLWPCB",,,,,3,"LWP","not supported",,,
"LMSW",,,,,3,"general","ucode",,,
"LODS","mem",,,,3,"general","ucode",,,
"LODSB",,,,,3,"general","ucode",,,
"LODSD",,,,,3,"general","ucode",,,
"LODSQ",,,,,3,"AMD64","ucode",,,
"LODSW",,,,,3,"general","ucode",,,
"LOOP",,,,,3,"general",1,"BRU",1,2
"LOOPE",,,,,3,"general",1,"BRU",1,2
"LOOPNE",,,,,3,"general",1,"BRU",1,2
"LOOPNZ",,,,,3,"general",1,"BRU",1,2
"LOOPZ",,,,,3,"general",1,"BRU",1,2
"LSL",,,,,3,"general","ucode",,,
"LSS",,,,,3,"general","ucode",,,
"LTR",,,,,3,"general","ucode",,,
"LWPINS",,,,,3,"LWP","not supported",,,
"LWPVAL",,,,,3,"LWP","not supported",,,
"LZCNT","reg","reg",,,3,"ABM",1,"ALU",1,4
"MASKMOVDQU",,,,,4,"SSE2","ucode",,,
"MASKMOVQ",,,,,5,"SSE | MmxExt","ucode",,,
"MAXPD","xmm1","xmm2",,,4,"SSE2",1,"FP2/3",1,2
"MAXPS","xmm1","xmm2",,,4,"SSE",1,"FP2/3",1,2
"MAXSD","xmm1","xmm2",,,4,"SSE2",1,"FP2/3",1,2
"MAXSS","xmm1","xmm2",,,4,"SSE",1,"FP2/3",1,2
"MFENCE",,,,,3,"SSE2","ucode",,,
"MINPD","xmm1","xmm2",,,4,"SSE2",1,"FP2/3",1,2
"MINPS","xmm1","xmm2",,,4,"SSE",1,"FP2/3",1,2
"MINSD","xmm1","xmm2",,,4,"SSE2",1,"FP2/3",1,2
"MINSS","xmm1","xmm2",,,4,"SSE",1,"FP2/3",1,2
"MONITOR",,,,,3,"SSE3","ucode",,"variable","variable"
"MONITORX",,,,,3,"MONITORX","ucode",,"variable","variable"
"MOV",,,,,3,"general",1,"ALU",1,4
"MOVAPD","xmm1","xmm2",,,4,"SSE2",1,"FP0/1/2/3",1,4
"MOVAPS","xmm1","xmm2",,,4,"SSE",1,"FP0/1/2/3",1,4
"MOVBE","reg","mem",,,3,"MOVBE",1,"ALU",1,2
"MOVD","mem32/64","mmx1",,,"3 & 5","MMX",1,"FP4",1,1
"MOVD","mmx1","mem32/64",,,"3 & 5","MMX",1,,0,2
"MOVD","mmx1","reg32/64",,,"3 & 5","MMX",2,"ALU2",2,1
"MOVD","reg32","xmm1",,,"3 & 5","SSE2",1,"FP2",2,1
"MOVD","reg32/64","mmx1",,,"3 & 5","MMX",1,"FP2",1,1
"MOVD","xmm1","reg32",,,"3 & 5","SSE2",1,"ALU2",2,1
"MOVDDUP","xmm1","xmm2",,,4,"SSE3",1,"FP1/2",1,2
"MOVDQ2Q","mmx1","xmm1",,,5,"SSE2",1,"FP0/1/2/3",1,4
"MOVDQA","xmm1","xmm2",,,4,"SSE2",1,"FP0/1/2/3",1,4
"MOVDQU","xmm1","xmm2",,,4,"SSE2",1,"FP0/1/2/3",1,4
"MOVHLPS","xmm1","xmm2",,,4,"SSE",1,"FP1/2",1,2
"MOVHPD","mem64","xmm1",,,4,"SSE2",2,"FP1/2, FP4",2,1
"MOVHPD","xmm1","mem64",,,4,"SSE2",1,"FP1/2",1,2
"MOVHPS","mem64","xmm1",,,4,"SSE",2,"FP1/2, FP4",2,1
"MOVHPS","xmm1","mem64",,,4,"SSE",1,"FP1/2",1,2
"MOVLHPS","xmm1","xmm2",,,4,"SSE",1,"FP1/2",1,2
"MOVLPD","mem64","xmm1",,,4,"SSE2",1,"FP4",1,1
"MOVLPD","xmm1","mem64",,,4,"SSE2",1,"FP0/1/2/3",1,2
"MOVLPS","mem64","xmm1",,,4,"SSE",1,"FP4",1,1
"MOVLPS","xmm1","mem64",,,4,"SSE",1,"FP0/1/2/3",1,2
"MOVMSKPD","reg","xmm1",,,"3 & 4","SSE2",1,"FP2",1,1
"MOVMSKPS","reg","xmm1",,,"3 & 4","SSE",1,"FP2",1,1
"MOVNTDQ","mem128","xmm1",,,4,"SSE2",1,"FP4",1,1
"MOVNTDQA","xmm1","mem128",,,4,"SSE4.1",1,,0,2
"MOVNTI","mem32/64","reg32/64",,,3,"SSE2",1,,,1
"MOVNTPD","mem128","xmm1",,,4,"SSE2",1,"FP4",1,1
"MOVNTPS","mem128","xmm1",,,4,"SSE",1,"FP4",1,1
"MOVNTQ","mem64","mmx1",,,5,"SSE | MmxExt",1,"FP4",1,1
"MOVNTSD","mem64","xmm1",,,4,"SSE4A",1,"FP4",1,1
"MOVNTSS","memem32","xmm1",,,4,"SSE4A",1,"FP4",1,1
"MOVQ","mem32/64","mmx1",,,5,"MMX",1,"FP4",1,1
"MOVQ","mmx1","mem32/64",,,5,"MMX",1,,0,2
"MOVQ","mmx1","reg32/64",,,5,"MMX",1,"ALU2",2,1
"MOVQ","reg32/64","mmx1",,,4,"MMX",1,"FP2",2,1
"MOVQ","xmm1","xmm2",,,4,"SSE2",1,"FP0/1/2/3",1,4
"MOVQ2DQ","xmm1","mmx1",,,5,"SSE2",1,"FP0/1/2/3",1,4
"MOVS",,,,,3,"general","ucode",,,
"MOVSB",,,,,3,"general","ucode",,,
"MOVSD","xmm1","xmm2",,,4,"SSE2",1,"FP0/1/2/3",1,4
"MOVSD",,,,,3,"general","ucode",,,
"MOVSHDUP","xmm1","xmm2",,,4,"SSE3",1,"FP1/2",1,2
"MOVSLDUP","xmm1","xmm2",,,4,"SSE3",1,"FP1/2",1,2
"MOVSQ",,,,,3,"AMD64","ucode",,,
"MOVSS","xmm1","xmm2",,,4,"SSE",1,"FP0/1/2/3",1,4
"MOVSW",,,,,3,"general","ucode",,,
"MOVSX",,,,,3,"general",1,"ALU",1,4
"MOVSXD",,,,,3,"AMD64",1,"ALU",1,4
"MOVUPD","xmm1","xmm2",,,4,"SSE2",1,,0,4
"MOVUPS","xmm1","xmm2",,,4,"SSE",1,,0,4
"MOVZX",,,,,3,"general",1,"ALU",1,4
"MPSADBW","xmm1","xmm2","imm",,4,"SSE4.1","ucode",,4.5,0.5
"MUL","reg64",,,,3,"general","1-2","ALU1","3,4",1
"MUL","reg8/16/32",,,,3,"general","1-2","ALU1","3,4",1
"MULPD","xmm1","xmm2",,,4,"SSE2",1,"FP0/1",3,2
"MULPS","xmm1","xmm2",,,4,"SSE",1,"FP0/1",3,2
"MULSD","xmm1","xmm2",,,4,"SSE2",1,"FP0/1",3,2
"MULSS","xmm1","xmm2",,,4,"SSE",1,"FP0/1",3,2
"MULX","reg","reg","reg/mem",,3,"BMI2",2,"ALU1","3,4",1
"MWAIT",,,,,3,"SSE3","ucode",,"variable","variable"
"MWAITX",,,,,3,"MONITORX","ucode",,"variable","variable"
"NEG",,,,,3,"general",1,"ALU",1,4
"NOP",,,,,3,"general",1,"ALU",1,4
"NOT",,,,,3,"general",1,"ALU",1,4
"OR",,,,,3,"general",1,"ALU",1,4
"ORPD","xmm1","xmm2",,,4,"SSE2",1,"FP0/1/2/3",1,4
"ORPS","xmm1","xmm2",,,4,"SSE",1,"FP0/1/2/3",1,4
"OUT",,,,,3,"general","ucode",,,
"OUTS",,,,,3,"general","ucode",,,
"OUTSB",,,,,3,"general","ucode",,,
"OUTSD",,,,,3,"general","ucode",,,
"OUTSW",,"xmm2",,,3,"general","ucode",,,
"PABSB","xmm1","xmm2",,,4,"SSSE3",1,"FP0/1",1,2
"PABSD","xmm1","xmm2",,,4,"SSSE3",1,"FP0/1",1,2
"PABSW","xmm1","xmm2",,,4,"SSSE3",1,"FP0/1",1,2
"PACKSSDW","mmx1","mmx2",,,5,"MMX",1,"FP1/2",1,2
"PACKSSDW","xmm1","xmm2",,,4,"SSE2",1,"FP1/2",1,2
"PACKSSWB","mmx1","mmx2",,,5,"MMX",1,"FP1/2",1,2
"PACKSSWB","xmm1","xmm2",,,4,"SSE2",1,"FP1/2",1,2
"PACKUSDW","xmm1","xmm2",,,4,"SSE4.1",1,"FP1/2",1,2
"PACKUSWB","mmx1","mmx2",,,5,"MMX",1,"FP1/2",1,2
"PACKUSWB","xmm1","xmm2",,,4,"SSE2",1,"FP1/2",1,2
"PADDB","mmx1","mmx2",,,5,"MMX",1,"FP0/1/2/3",1,4
"PADDB","xmm1","xmm2",,,4,"SSE2",1,"FP0/1/2/3",1,4
"PADDD","mmx1","mmx2",,,5,"MMX",1,"FP0/1/2/3",1,4
"PADDD","xmm1","xmm2",,,4,"SSE2",1,"FP0/1/2/3",1,4
"PADDQ","mmx1","mmx2",,,5,"SSE2",1,"FP0/1/2/3",1,4
"PADDQ","xmm1","xmm2",,,4,"SSE2",1,"FP0/1/2/3",1,4
"PADDSB","mmx1","mmx2",,,5,"MMX",1,"FP0/1",1,2
"PADDSB","xmm1","xmm2",,,4,"SSE2",1,"FP0/1",1,2
"PADDSW","mmx1","mmx2",,,5,"MMX",1,"FP0/1",1,2
"PADDSW","xmm1","xmm2",,,4,"SSE2",1,"FP0/1",1,2
"PADDUSB","mmx1","mmx2",,,5,"MMX",1,"FP0/1",1,2
"PADDUSB","xmm1","xmm2",,,4,"SSE2",1,"FP0/1",1,2
"PADDUSW","mmx1","mmx2",,,5,"MMX",1,"FP0/1",1,2
"PADDUSW","xmm1","xmm2",,,4,"SSE2",1,"FP0/1",1,2
"PADDW","mmx1","mmx2",,,5,"MMX",1,"FP0/1/2/3",1,4
"PADDW","xmm1","xmm2",,,4,"SSE2",1,"FP0/1/2/3",1,4
"PALIGNR","xmm1","xmm2","imm",,4,"SSSE3",1,"FP1/2",1,2
"PAND","mmx1","mmx2",,,5,"MMX",1,"FP0/1/2/3",1,4
"PAND","xmm1","xmm2",,,4,"SSE2",1,"FP0/1/2/3",1,4
"PANDN","mmx1","mmx2",,,5,"MMX",1,"FP0/1/2/3",1,4
"PANDN","xmm1","xmm2",,,4,"SSE2",1,"FP0/1/2/3",1,4
"PAUSE",,,,,3,"SSE2","ucode",,,
"PAVGB","mmx1","mmx2",,,5,"SSE | MmxExt",1,"FP0/1",1,2
"PAVGB","xmm1","xmm2",,,4,"SSE2",1,"FP0/1",1,2
"PAVGW","mmx1","mmx2",,,5,"SSE | MmxExt",1,"FP0/1",1,2
"PAVGW","xmm1","xmm2",,,4,"SSE2",1,"FP0/1",1,2
"PBLENDVB","xmm1","xmm2","<xmm0>",,4,"SSE4.1",1,"FP0/1",1,2
"PBLENDW","xmm1","xmm2","imm",,4,"SSE4.1",1,"FP0/1/2/3",1,4
"PCLMULHQHQDQ","xmm1","xmm2",,,4,"CLMUL","ucode",,,
"PCLMULHQLQDQ","xmm1","xmm2",,,4,"CLMUL","ucode",,,
"PCLMULLQHQDQ","xmm1","xmm2",,,4,"CLMUL","ucode",,,
"PCLMULLQLQDQ","xmm1","xmm2",,,4,"CLMUL","ucode",,,
"PCLMULQDQ","xmm1","xmm2","imm",,4,"CLMUL","ucode",,5,0.5
"PCMPEQB","mmx1","mmx2",,,5,"MMX",1,"FP0/1/2/3",1,4
"PCMPEQB","xmm1","xmm2",,,4,"SSE2",1,"FP0/1/2/3",1,4
"PCMPEQD","mmx1","mmx2",,,5,"MMX",1,"FP0/1/2/3",1,4
"PCMPEQD","xmm1","xmm2",,,4,"SSE2",1,"FP0/1/2/3",1,4
"PCMPEQQ","xmm1","xmm2",,,4,"SSE4.1",1,"FP0/1",1,2
"PCMPEQW","mmx1","mmx2",,,5,"MMX",1,"FP0/1",1,2
"PCMPEQW","xmm1","xmm2",,,4,"SSE2",1,"FP0/1",1,2
"PCMPESTRI","xmm1","xmm2","imm",,4,"SSE4.2","ucode",,3,0.333333333333333
"PCMPESTRM","xmm1","xmm2","imm",,4,"SSE4.2","ucode",,4,0.333333333333333
"PCMPGTB","mmx1","mmx2",,,5,"MMX",1,"FP0/1/2/3",1,4
"PCMPGTB","xmm1","xmm2",,,4,"SSE2",1,"FP0/1/2/3",1,4
"PCMPGTD","mmx1","mmx2",,,5,"MMX",1,"FP0/1/2/3",1,4
"PCMPGTD","xmm1","xmm2",,,4,"SSE2",1,"FP0/1/2/3",1,4
"PCMPGTQ","xmm1","xmm2",,,4,"SSE4.2",1,"FP0/1",1,2
"PCMPGTW","mmx1","mmx2",,,5,"MMX",1,"FP0/1",1,2
"PCMPGTW","xmm1","xmm2",,,4,"SSE2",1,"FP0/1",1,2
"PCMPISTRI","xmm1","xmm2","imm",,4,"SSE4.2","ucode",,2,0.5
"PCMPISTRM","xmm1","xmm2","imm",,4,"SSE4.2","ucode",,2,0.5
"PDEP","reg","reg","reg/mem",,3,"BMI2",1,"ALU1",3,1
"PEXT","reg","reg","reg/mem",,3,"BMI2",1,"ALU1",3,1
"PEXTRB","reg","xmm1","imm",,4,"SSE4.1",2,"FP1/2, FP2",2,1
"PEXTRD","reg","xmm1","imm",,4,"SSE4.1",2,"FP1/2, FP2",2,1
"PEXTRW","reg","xmm2","imm",,4,"SSE4.1",2,"FP1/2, FP2",2,1
"PEXTRW","reg32","xmm1","imm8",,4,"SSE2",2,"FP1/2, FP2",2,1
"PHADDD","xmm1","xmm2",,,4,"SSSE3","ucode","FP0",2,1
"PHADDSW","xmm1","xmm2",,,4,"SSSE3","ucode","FP0",2,1
"PHADDW","xmm1","xmm2",,,4,"SSSE3","ucode","FP0",2,1
"PHMINPOSUW","xmm1","xmm2",,,4,"SSE4.1",1,"FP0",3,1
"PHSUBD","xmm1","xmm2",,,4,"SSSE3","ucode","FP0",2,1
"PHSUBSW","xmm1","xmm2",,,4,"SSSE3","ucode","FP0",2,1
"PHSUBW","xmm1","xmm2",,,4,"SSSE3","ucode","FP0",2,1
"PINSRB","xmm1","mem8","imm8",,4,"SSE4.1",1,"FP1/2",1,2
"PINSRB","xmm1","reg32","imm8",,4,"SSE4.1",2,"ALU2, FP1",3,1
"PINSRD","xmm1","mem32/64","imm8",,4,"SSE4.1",1,"FP1/2",1,2
"PINSRD","xmm1","reg32","imm8",,4,"SSE4.1",2,"ALU2, FP1",3,1
"PINSRQ","xmm1","mem64","imm8",,4,"SSE4.1",1,"FP1/2",1,2
"PINSRQ","xmm1","reg64","imm8",,4,"SSE4.1",2,"ALU2, FP1",3,1
"PINSRW","mmx1","mem16","imm8",,5,"SSE | MmxExt",1,"FP1/2",1,2
"PINSRW","mmx1","reg32","imm8",,5,"SSE | MmxExt",2,"ALU2, FP1",3,1
"PINSRW","xmm1","mem16","imm8",,4,"SSE",1,"FP1/2",1,2
"PINSRW","xmm1","reg32","imm8",,4,"SSE",2,"ALU2, FP1",3,1
"PMADDUBSW","xmm1","xmm2",,,4,"SSSE3",1,"FP0",3,1
"PMADDWD","mmx1","mmx2",,,5,"MMX",1,"FP0",3,1
"PMADDWD","xmm1","xmm2",,,4,"SSE2",1,"FP0",3,1
"PMAXSB","xmm1","xmm2",,,4,"SSE4.1",1,"FP0/1/2/3",1,4
"PMAXSD","xmm1","xmm2",,,4,"SSE4.1",1,"FP0/1/2/3",1,4
"PMAXSW","mmx1","mmx2",,,5,"SSE | MmxExt",1,"FP0/1/2/3",1,4
"PMAXSW","xmm1","xmm2",,,4,"SSE2",1,"FP0/1/2/3",1,4
"PMAXUB","mmx1","mmx2",,,5,"SSE | MmxExt",1,"FP0/1/2/3",1,4
"PMAXUB","xmm1","xmm2",,,4,"SSE2",1,"FP0/1/2/3",1,4
"PMAXUD","xmm1","xmm2",,,4,"SSE4.1",1,"FP0/1/2/3",1,4
"PMAXUW","xmm1","xmm2",,,4,"SSE4.1",1,"FP0/1/2/3",1,4
"PMINSB","xmm1","xmm2",,,4,"SSE4.1",1,"FP0/1/2/3",1,4
"PMINSD","xmm1","xmm2",,,4,"SSE4.1",1,"FP0/1/2/3",1,4
"PMINSW","mmx1","mmx2",,,5,"SSE | MmxExt",1,"FP0/1/2/3",1,4
"PMINSW","xmm1","xmm2",,,4,"SSE2",1,"FP0/1/2/3",1,4
"PMINUB","mmx1","mmx2",,,5,"SSE | MmxExt",1,"FP0/1/2/3",1,4
"PMINUB","xmm1","xmm2",,,4,"SSE2",1,"FP0/1/2/3",1,4
"PMINUD","xmm1","xmm2",,,4,"SSE4.1",1,"FP0/1/2/3",1,4
"PMINUW","xmm1","xmm2",,,4,"SSE4.1",1,"FP0/1/2/3",1,4
"PMOVMSKB","mmx1","mmx2",,,5,"SSE | MmxExt",1,"FP2",1,1
"PMOVMSKB","reg32","xmm1",,,4,"SSE2",1,"FP2",1,1
"PMOVSXBD","xmm1","xmm2",,,4,"SSE4.1",1,"FP1/2",1,2
"PMOVSXBQ","xmm1","xmm2",,,4,"SSE4.1",1,"FP1/2",1,2
"PMOVSXBW","xmm1","xmm2",,,4,"SSE4.1",1,"FP1/2",1,2
"PMOVSXDQ","xmm1","xmm2",,,4,"SSE4.1",1,"FP1/2",1,2
"PMOVSXWD","xmm1","xmm2",,,4,"SSE4.1",1,"FP1/2",1,2
"PMOVSXWQ","xmm1","xmm2",,,4,"SSE4.1",1,"FP1/2",1,2
"PMOVZXBD","xmm1","xmm2",,,4,"SSE4.1",1,"FP1/2",1,2
"PMOVZXBQ","xmm1","xmm2","imm8",,4,"SSE4.1",1,"FP1/2",1,2
"PMOVZXBW","xmm1","xmm2","imm8",,4,"SSE4.1",1,"FP1/2",1,2
"PMOVZXDQ","xmm1","xmm2","imm8",,4,"SSE4.1",1,"FP1/2",1,2
"PMOVZXWD","xmm1","xmm2",,,4,"SSE4.1",1,"FP1/2",1,2
"PMOVZXWQ","xmm1","xmm2",,,4,"SSE4.1",1,"FP1/2",1,2
"PMULDQ","xmm1","xmm2",,,4,"SSE4.1",1,"FP0/3",3,2
"PMULHRSW","xmm1","xmm2",,,4,"SSSE3",1,"FP0/3",3,2
"PMULHUW","mmx1","mmx2/mem",,,5,"SSE | MmxExt",1,"FP0/3",3,2
"PMULHUW","xmm1","xmm2",,,4,"SSE2",1,"FP0/3",3,2
"PMULHW","mmx1","mmx2",,,5,"MMX",1,"FP0/3",3,2
"PMULHW","xmm1","xmm2",,,4,"SSE2",1,"FP0/3",3,2
"PMULLD","xmm1","xmm2",,,4,"SSE4.1",1,"FP0/3",3,2
"PMULLW","mmx1","mmx2",,,5,"MMX",1,"FP0/3",3,2
"PMULLW","xmm1","xmm2",,,4,"SSE2",1,"FP0/3",3,2
"PMULUDQ","mmx1","mmx2",,,5,"SSE2",1,"FP0/3",3,2
"PMULUDQ","xmm1","xmm2",,,4,"SSE2",1,"FP0/3",3,2
"POP","reg",,,,3,"general",1,"LD",1,2
"POP","segmentReg",,,,3,"general","ucode",,,
"POPA",,,,,3,"general","ucode",,,
"POPAD",,,,,3,"general","ucode",,,
"POPCNT","reg","reg/mem",,,3,"POPCNT",1,"ALU",1,4
"POPF",,,,,3,"general","ucode",,,
"POPFD",,,,,3,"general","ucode",,,
"POPFQ",,,,,3,"AMD64","ucode",,,
"POR","mmx1","mmx2",,,5,"MMX",1,"FP0/1/2/3",1,4
"POR","xmm1","xmm2",,,4,"SSE2",1,"FP0/1/2/3",1,4
"PREFETCH",,,,,3,"3DNowPrefetch",,,,
"PREFETCHNTA",,,,,3,"SSE",1,,,
"PREFETCHT0",,,,,3,"SSE",1,,,
"PREFETCHT1",,,,,3,"SSE",1,,,
"PREFETCHT2",,,,,3,"SSE",1,,,
"PREFETCHW",,,,,3,"3DNowPrefetch",,,,
"PSADBW","mmx1","mmx2",,,5,"SSE | MmxExt",1,"FP0/3",3,2
"PSADBW","xmm1","xmm2",,,4,"SSE2",1,"FP0/3",3,2
"PSHUFB","xmm1","xmm2",,,4,"SSSE3",1,"FP1/2",1,2
"PSHUFD","xmm1","xmm2","imm8",,4,"SSE2",1,"FP1/2",1,2
"PSHUFHW","xmm1","xmm2","imm8",,4,"SSE2",1,"FP1/2",1,2
"PSHUFLW","xmm1","xmm2","imm8",,4,"SSE2",1,"FP1/2",1,2
"PSHUFW","mmx1","mmx2","imm8",,5,"SSE | MmxExt",1,"FP1/2",1,2
"PSIGNB","xmm1","xmm2",,,4,"SSSE3",1,"FP0/3",1,2
"PSIGND","xmm1","xmm2",,,4,"SSSE3",1,"FP0/3",1,2
"PSIGNW","xmm1","xmm2",,,4,"SSSE3",1,"FP0/3",1,2
"PSLLD","mmx1","mmx2",,,5,"MMX",1,"FP1/2",1,2
"PSLLD","xmm1","xmm2/imm8",,,4,"SSE2",1,"FP1/2",1,2
"PSLLDQ","xmm1","imm8",,,4,"SSE2",1,"FP1/2",1,2
"PSLLQ","mmx1","mmx2",,,5,"MMX",1,"FP1/2",1,2
"PSLLQ","xmm1","xmm2/imm8",,,4,"SSE2",1,"FP1/2",1,2
"PSLLW","mmx1","mmx2",,,5,"MMX",1,"FP1/2",1,2
"PSLLW","xmm1","xmm2/imm8",,,4,"SSE2",1,"FP1/2",1,2
"PSMASH",,,,,3,"SNP","ucode",,,
"PSRAD","mmx1","mmx2",,,5,"MMX",1,"FP1/2",1,2
"PSRAD","xmm1","xmm2/imm8",,,4,"SSE2",1,"FP1/2",1,2
"PSRAW","mmx1","mmx2",,,5,"MMX",1,"FP1/2",1,2
"PSRAW","xmm1","xmm2/imm8",,,4,"SSE2",1,"FP1/2",1,2
"PSRLD","mmx1","mmx2",,,5,"MMX",1,"FP1/2",1,2
"PSRLD","xmm1","xmm2/imm8",,,4,"SSE2",1,"FP1/2",1,2
"PSRLDQ","xmm1","imm8",,,4,"SSE2",1,"FP1/2",1,2
"PSRLQ","mmx1","mmx2",,,5,"MMX",1,"FP1/2",1,2
"PSRLQ","xmm1","xmm2/imm8",,,4,"SSE2",1,"FP1/2",1,2
"PSRLW","mmx1","mmx2",,,5,"MMX",1,"FP1/2",1,2
"PSRLW","xmm1","xmm2/imm8",,,4,"SSE2",1,"FP1/2",1,2
"PSUBB","mmx1","mmx2",,,5,"MMX",1,"FP0/1/2/3",1,4
"PSUBB","xmm1","xmm2",,,4,"SSE2",1,"FP0/1/2/3",1,4
"PSUBD","mmx1","mmx2",,,5,"MMX",1,"FP0/1/2/3",1,4
"PSUBD","xmm1","xmm2",,,4,"SSE2",1,"FP0/1/2/3",1,4
"PSUBQ","mmx1","mmx2",,,5,"SSE2",1,"FP0/1/2/3",1,4
"PSUBQ","xmm1","xmm2",,,4,"SSE2",1,"FP0/1/2/3",1,4
"PSUBSB","mmx1","mmx2",,,5,"MMX",1,"FP0/1",1,2
"PSUBSB","xmm1","xmm2",,,4,"SSE2",1,"FP0/1",1,2
"PSUBSW","mmx1","mmx2",,,5,"MMX",1,"FP0/1",1,2
"PSUBSW","xmm1","xmm2",,,4,"SSE2",1,"FP0/1",1,2
"PSUBUSB","mmx1","mmx2",,,5,"MMX",1,"FP0/1",1,2
"PSUBUSB","xmm1","xmm2",,,4,"SSE2",1,"FP0/1",1,2
"PSUBUSW","mmx1","mmx2",,,5,"MMX",1,"FP0/1",1,2
"PSUBUSW","xmm1","xmm2",,,4,"SSE2",1,"FP0/1",1,2
"PSUBW","mmx1","mmx2",,,5,"MMX",1,"FP0/1/2/3",1,4
"PSUBW","xmm1","xmm2",,,4,"SSE2",1,"FP0/1/2/3",1,4
"PTEST","xmm1","xmm2",,,4,"SSE4.1",2,"FP1/2, FP4",2,1
"PUNPCKHBW","mmx1","mmx2",,,5,"MMX",1,"FP1/2",1,2
"PUNPCKHBW","xmm1","xmm2",,,4,"SSE2",1,"FP1/2",1,2
"PUNPCKHDQ","mmx1","mmx2",,,5,"MMX",1,"FP1/2",1,2
"PUNPCKHDQ","xmm1","xmm2",,,4,"SSE2",1,"FP1/2",1,2
"PUNPCKHQDQ","xmm1","xmm2",,,4,"SSE2",1,"FP1/2",1,2
"PUNPCKHWD","mmx1","mmx2",,,5,"MMX",1,"FP1/2",1,2
"PUNPCKHWD","xmm1","xmm2",,,4,"SSE2",1,"FP1/2",1,2
"PUNPCKLBW","mmx1","mmx2",,,5,"MMX",1,"FP1/2",1,2
"PUNPCKLBW","xmm1","xmm2",,,4,"SSE2",1,"FP1/2",1,2
"PUNPCKLDQ","mmx1","mmx2",,,5,"MMX",1,"FP1/2",1,2
"PUNPCKLDQ","xmm1","xmm2",,,4,"SSE2",1,"FP1/2",1,2
"PUNPCKLQDQ","xmm1","xmm2",,,4,"SSE2",1,"FP1/2",1,2
"PUNPCKLWD","mmx1","mmx2",,,5,"MMX",1,"FP1/2",1,2
"PUNPCKLWD","xmm1","xmm2",,,4,"SSE2",1,"FP1/2",1,2
"PUSH","reg",,,,3,"general",1,"ST",1,1
"PUSH","segmentReg",,,,3,"general","ucode",,,
"PUSHA",,,,,3,"general",9,,8,0.125
"PUSHAD",,,,,3,"general","ucode",,,
"PUSHF",,,,,3,"general","ucode",,,
"PUSHFD",,,,,3,"general","ucode",,,
"PUSHFQ",,,,,3,"AMD64","ucode",,,
"PVALIDATE",,,,,3,"SNP","ucode",,,
"PXOR","mmx1","mmx2",,,5,"MMX",1,"FP0/1/2/3",1,4
"PXOR","xmm1","xmm2",,,4,"SSE2",1,"FP0/1/2/3",1,4
"RCL","reg/mem","CL/Imm",,,3,"general",1,"ALU1/2",1,2
"RCPPS","xmm1","xmm2",,,4,"SSE",1,"FP0/1",3,2
"RCPSS","xmm1","xmm2",,,4,"SSE",1,"FP0/1",3,2
"RCR","reg/mem","CL/Imm",,,3,"general",1,"ALU1/2",1,2
"RDFSBASE",,,,,3,"FSGSBASE","ucode",,"ucode","ucode"
"RDGSBASE",,,,,3,"FSGSBASE","ucode",,"ucode","ucode"
"RDMSR",,,,,3,"general","ucode",,,
"RDPKRU",,,,,3,"OSPKE","ucode",,,
"RDPMC",,,,,3,"general","ucode",,,
"RDPRU",,,,,3,"RDPRU","ucode",,"ucode","ucode"
"RDRAND",,,,,3,"RDRAND","ucode",,"variable","variable"
"RDSEED",,,,,3,"RDSEED","ucode",,"variable","variable"
"RDSSP","reg32/64",,,,3,"SS","ucode",,,
"RDTSC",,,,,3,"general","ucode",,,
"RDTSCP",,,,,3,"AMD64","ucode",,,
"RET","imm16",,,,3,"general",1,"BRU",1,2
"RET",,,,,3,"general",1,"BRU",1,2
"RETF","imm16",,,,3,"general","ucode",,,
"RETF",,,,,3,"general","ucode",,,
"RMPADJUST",,,,,3,"SNP","ucode",,,
"RMPUPDATE",,,,,3,"SNP","ucode",,,
"ROL",,,,,3,"general",1,"ALU1/2",1,2
"ROR",,,,,3,"general",1,"ALU1/2",1,2
"RORX","reg","reg/mem","imm",,3,"BMI2",1,"ALU1/2",1,2
"ROUNDPD","xmm1","xmm2","imm",,4,"SSE4.1",1,"FP2/3",3,2
"ROUNDPS","xmm1","xmm2","imm",,4,"SSE4.1",1,"FP2/3",3,2
"ROUNDSD","xmm1","xmm2","imm",,4,"SSE4.1",1,"FP2/3",3,2
"ROUNDSS","xmm1","xmm2","imm",,4,"SSE4.1",1,"FP2/3",3,2
"RSM",,,,,3,"general","ucode",,,
"RSQRTPS","xmm1","xmm2",,,4,"SSE",1,"FP0/1",3,2
"RSQRTSS","xmm1","xmm2",,,4,"SSE",1,"FP0/2",3,2
"RSTORSSP",,,,,3,"SS","ucode",,,
"SAHF",,,,,3,"general",1,"ALU",1,4
"SAL",,,,,3,"general",1,"ALU1/2",1,2
"SAR",,,,,3,"general",1,"ALU1/2",1,2
"SARX","reg","reg/mem","reg",,3,"BMI2",1,"ALU1/2",1,2
"SAVEPREVSSP",,,,,3,"SS","ucode",,,
"SBB",,,,,3,"general",1,"ALU",1,4
"SCAS",,,,,3,"general","ucode",,,
"SCASB",,,,,3,"general","ucode",,,
"SCASD",,,,,3,"general","ucode",,,
"SCASQ",,,,,3,"AMD64","ucode",,,
"SCASW",,,,,3,"general","ucode",,,
"SETcc","mem",,,,3,"general",2,"ALU0",1,1
"SETcc","reg",,,,3,"general",1,"ALU0/3",1,2
"SETSSBSY",,,,,3,"SS","ucode",,,
"SFENCE",,,,,3,"SSE","ucode",,,
"SGDT",,,,,3,"general","ucode",,,
"SHA1MSG1","xmm1","xmm2/mem",,,4,"SHA",2,"FP1/2, FPU",2,2
"SHA1MSG2","xmm1","xmm2/mem",,,4,"SHA",1,"FP1/2",1,2
"SHA1NEXTE","xmm1","xmm2/mem",,,4,"SHA",1,"FP0/1",1,2
"SHA1RNDS4","xmm1","xmm2/mem","imm8",,4,"SHA",1,"FP1",6,0.25
"SHA256MSG1","xmm1","xmm2/mem",,,4,"SHA",2,"FP1/2, FP0/1/3",2,2
"SHA256MSG2","xmm1","xmm2/mem",,,4,"SHA","ucode",,3,0.5
"SHA256RNDS2","xmm1","xmm2/mem","xmm0",,4,"SHA",1,"FP1",4,0.5
"SHL",,,,,3,"general",1,"ALU1/2",1,2
"SHLD",,,,,3,"general","4-6","ALU",3,1
"SHLX","reg","reg/mem","reg",,3,"BMI2","1","ALU1/2",1,2
"SHR",,,,,3,"general",1,"ALU1/2",1,2
"SHRD",,,,,3,"general","4-6","ALU",3,1
"SHRX",,,,,3,"BMI2","1","ALU1/2",1,2
"SHUFPD","xmm1","xmm2","imm8",,4,"SSE2",1,"FP1/2",1,2
"SHUFPS","xmm1","xmm2","imm8",,4,"SSE",1,"FP1/2",1,2
"SIDT",,,,,3,"general","ucode",,,
"SKINIT",,,,,3,"SVM","ucode",,,
"SLDT",,,,,3,"general","ucode",,,
"SLWPCB",,,,,3,"LWP","not supported",,,
"SMSW",,,,,3,"general","ucode",,,
"SQRTPD","xmm1","xmm2",,,4,"SSE2",1,"FP3",20,0.05
"SQRTPS","xmm1","xmm2",,,4,"SSE",1,"FP3",14,0.0714285714285714
"SQRTSD","xmm1","xmm2",,,4,"SSE2",1,"FP3",20,0.05
"SQRTSS","xmm1","xmm2",,,4,"SSE",1,"FP3",14,0.0714285714285714
"STAC",,,,,3,"SMAP","ucode",,"ucode","ucode"
"STC",,,,,3,"general",1,"ALU",1,4
"STD",,,,,3,"general","ucode",,,
"STGI",,,,,3,"SVM","ucode",,,
"STI",,,,,3,"general","ucode",,,
"STMXCSR",,,,,4,"SSE","ucode",,,
"STOS",,,,,3,"general","ucode",,,
"STOSB",,,,,3,"general","ucode",,,
"STOSD",,,,,3,"general","ucode",,,
"STOSQ",,,,,3,"AMD64","ucode",,,
"STOSW",,,,,3,"general","ucode",,,
"STR",,,,,3,"general","ucode",,,
"SUB",,,,,3,"general",1,"ALU",1,4
"SUBPD","xmm1","xmm2",,,4,"SSE2",1,"FP2/3",3,2
"SUBPS","xmm1","xmm2",,,4,"SSE",1,"FP2/3",3,2
"SUBSD","xmm1","xmm2",,,4,"SSE2",1,"FP2/3",3,2
"SUBSS","xmm1","xmm2",,,4,"SSE",1,"FP2/3",3,2
"SWAPGS",,,,,3,"AMD64","ucode",,,
"SYSCALL",,,,,3,"general","ucode",,,
"SYSENTER",,,,,3,"general","ucode",,,
"SYSEXIT",,,,,3,"general","ucode",,,
"SYSRET",,,,,3,"general","ucode",,,
"T1MSKC",,,,,3,"TBM","not supported",,,
"TEST",,,,,3,"general",1,"ALU",1,4
"TLBSYNC",,,,,3,"INVLPGB","ucode",,,
"TZCNT","reg16/32/64","reg16/32/64",,,3,"BMI",2,"ALU",2,2
"TZMSK",,,,,3,"TBM","not supported",,,
"UCOMISD","xmm1","xmm2","ymm3","imm",4,"SSE2",2,"FP0/1, FP2",2,1
"UCOMISS","xmm1","xmm2","xmm3","imm",4,"SSE",2,"FP0/1, FP2",2,1
"UD2",,,,,2,"general","ucode",,,
"UNPCKHPD","xmm1","xmm2",,,4,"SSE2",1,"FP0/1",1,2
"UNPCKHPS","xmm1","xmm2",,,4,"SSE",1,"FP0/1",1,2
"UNPCKLPD","xmm1","xmm2",,,4,"SSE2",1,"FP0/1",1,2
"UNPCKLPS","xmm1","xmm2",,,4,"SSE",1,"FP0/1",1,2
"VADDPD","xmm1","xmm2","xmm3",,4,"AVX",1,"FP2/3",3,2
"VADDPD","ymm1","ymm2","ymm3",,4,"AVX",1,"FP2/3",3,2
"VADDPS","xmm1","xmm2","xmm3",,4,"AVX",1,"FP2/3",3,2
"VADDPS","ymm1","ymm2","ymm3",,4,"AVX",1,"FP2/3",3,2
"VADDSD","xmm1","xmm2","xmm3",,4,"AVX",1,"FP2/3",3,2
"VADDSS","xmm1","xmm2","xmm3",,4,"AVX",1,"FP2/3",3,2
"VADDSUBPD","xmm1","xmm2","xmm3",,4,"AVX",1,"FP2/3",3,2
"VADDSUBPD","ymm1","ymm2","ymm3",,4,"AVX",1,"FP2/3",3,2
"VADDSUBPS","xmm1","xmm2","xmm3",,4,"AVX",1,"FP2/3",3,2
"VADDSUBPS","ymm1","ymm2","ymm3",,4,"AVX",1,"FP2/3",3,2
"VAESDEC","xmm1","xmm2","xmm3/mem",,4,"AES and AVX",1,"FP0/1",4,2
"VAESDEC","ymm1","ymm2","ymm3/mem",,4,"VAES",1,"FP0/1",4,2
"VAESDECLAST","xmm1","xmm2","xmm3/mem",,4,"AES and AVX",1,"FP0/1",4,2
"VAESDECLAST","ymm1","ymm2","ymm3/mem",,4,"VAES",1,"FP0/1",4,2
"VAESENC","xmm1","xmm2","xmm3/mem",,4,"AES and AVX",1,"FP0/1",4,2
"VAESENC","ymm1","ymm2","ymm3/mem",,4,"VAES",1,"FP0/1",4,2
"VAESENCLAST","xmm1","xmm2","xmm3/mem",,4,"AES and AVX",1,"FP0/1",4,2
"VAESENCLAST","ymm1","ymm2","ymm3/mem",,4,"VAES",1,"FP0/1",4,2
"VAESIMC",,,,,4,"AES and AVX",1,"FP0/1",4,2
"VAESKEYGENASSIST",,,,,4,"AES and AVX",1,"FP0/1",4,2
"VANDNPD","xmm1","xmm2","xmm3",,4,"AVX",1,"FP0/1/2/3",1,4
"VANDNPD","ymm1","ymm2","ymm3",,4,"AVX",1,"FP0/1/2/3",1,4
"VANDNPS","xmm1","xmm2","xmm3",,4,"AVX",1,"FP0/1/2/3",1,4
"VANDNPS","ymm1","ymm2","ymm3",,4,"AVX",1,"FP0/1/2/3",1,4
"VANDPD","xmm1","xmm2","xmm3",,4,"AVX",1,"FP0/1/2/3",1,4
"VANDPD","ymm1","ymm2","ymm3",,4,"AVX",1,"FP0/1/2/3",1,4
"VANDPS","xmm1","xmm2","xmm3",,4,"AVX",1,"FP0/1/2/3",1,4
"VANDPS","ymm1","ymm2","ymm3",,4,"AVX",1,"FP0/1/2/3",1,4
"VBLENDPD","xmm1","xmm2","xmm3","imm",4,"AVX",1,"FP0/1/2/3",1,4
"VBLENDPD","ymm1","ymm2","ymm3","imm",4,"AVX",1,"FP0/1/2/3",1,4
"VBLENDPS","xmm1","xmm2","xmm3","imm",4,"AVX",1,"FP0/1/2/3",1,4
"VBLENDPS","ymm1","ymm2","ymm3","imm",4,"AVX",1,"FP0/1/2/3",1,4
"VBLENDVPD","xmm1","xmm2","xmm3","xmm4",4,"AVX",1,"FP0/1",1,2
"VBLENDVPD","ymm1","ymm2","ymm3","ymm4",4,"AVX",1,"FP0/1",1,2
"VBLENDVPS","xmm1","xmm2","xmm3","xmm4",4,"AVX",1,"FP0/1",1,2
"VBLENDVPS","ymm1","ymm2","ymm3","ymm4",4,"AVX",1,"FP0/1",1,2
"VBROADCASTF128","ymm1","mem128",,,4,"AVX",1,"LD",,2
"VBROADCASTI128","ymm1","mem128",,,4,"AVX2",1,"LD",,2
"VBROADCASTSD","ymm1","mem64",,,4,"AVX",1,"LD",,2
"VBROADCASTSD","ymm1","xmm2",,,4,"AVX2",1,"FP0",1,1
"VBROADCASTSS","xmm1","mem32",,,4,"AVX",1,"LD",,2
"VBROADCASTSS","xmm1","xmm2",,,4,"AVX2",1,"FP1/2",1,2
"VBROADCASTSS","ymm1","mem32",,,4,"AVX",1,"LD",,2
"VBROADCASTSS","ymm1","xmm2",,,4,"AVX2",1,"FP0",1,1
"VCMPccPD","xmm1","xmm2","xmm3",,4,"AVX",1,"FP0/1",1,2
"VCMPccPD","ymm1","ymm2","ymm3",,4,"AVX",1,"FP0/1",1,2
"VCMPccPS","xmm1","xmm2","xmm3",,4,"AVX",1,"FP0/1",1,2
"VCMPccPS","ymm1","ymm2","ymm3",,4,"AVX",1,"FP0/1",1,2
"VCMPccSD","xmm1","xmm2","xmm3",,4,"AVX",1,"FP0/1",1,2
"VCMPccSS","xmm1","xmm2","xmm3",,4,"AVX",1,"FP0/1",1,2
"VCOMISD","xmm1","xmm2","xmm3",,4,"AVX",2,"FP2/3, FP4",2,1
"VCOMISS","xmm1","xmm2","xmm3",,4,"AVX",2,"FP2/3, FP4",2,1
"VCVTDQ2PD","xmm1","xmm2",,,4,"AVX",1,"FP2/3",3,2
"VCVTDQ2PD","ymm1","ymm2",,,4,"AVX",2,"FP0,FP2/3",4,1
"VCVTDQ2PS","xmm1","xmm2",,,4,"AVX",1,"FP2/3",3,2
"VCVTDQ2PS","ymm1","ymm2",,,4,"AVX",1,"FP2/3",3,2
"VCVTPD2DQ","xmm1","xmm2",,,4,"AVX",1,"FP2/3",3,2
"VCVTPD2DQ","ymm1","ymm2",,,4,"AVX",1,"FP2/3",3,2
"VCVTPD2PS","xmm1","xmm2",,,4,"AVX",1,"FP2/3",3,2
"VCVTPD2PS","ymm1","xmm2",,,4,"AVX",1,"FP2/3",3,2
"VCVTPH2PS","xmm1","xmm2",,,4,"F16C",1,"FP2/3",3,2
"VCVTPH2PS","ymm1","ymm2",,,4,"F16C",2,"FP0,FP2/3",4,1
"VCVTPS2DQ","xmm1","xmm2",,,4,"AVX",1,"FP2/3",3,2
"VCVTPS2DQ","ymm1","ymm2",,,4,"AVX",1,"FP2/3",3,2
"VCVTPS2PD","xmm1","xmm2",,,4,"AVX",1,"FP2/3",3,2
"VCVTPS2PD","ymm1","ymm2",,,4,"AVX",2,"FP0,FP2/3",4,1
"VCVTPS2PH","xmm1","xmm2","imm",,4,"F16C",1,"FP2/3",3,2
"VCVTPS2PH","ymm1","xmm2","imm",,4,"F16C",1,"FP2/3",3,2
"VCVTSD2SI","reg","xmm1",,,4,"AVX",2,"FP2/3, FP4",4,1
"VCVTSD2SS","xmm1","xmm2","xmm3",,4,"AVX",1,"FP2/3",3,2
"VCVTSI2SD","xmm1","xmm2","reg",,4,"AVX",2,"ALU,FP2/3",3,1
"VCVTSI2SS","xmm1","xmm2","reg",,4,"AVX",2,"ALU,FP2/3",3,1
"VCVTSS2SD","xmm1","xmm2","xmm3",,4,"AVX",1,"FP2/3",3,2
"VCVTSS2SI","reg","xmm1",,,4,"AVX",2,"FP2/3, FP4",4,1
"VCVTTPD2DQ","xmm1","xmm2",,,4,"AVX",1,"FP2/3",3,2
"VCVTTPD2DQ","ymm1","ymm2",,,4,"AVX",1,"FP2/3",3,2
"VCVTTPS2DQ","xmm1","xmm2",,,4,"AVX",1,"FP2/3",3,2
"VCVTTPS2DQ","ymm1","ymm2",,,4,"AVX",1,"FP2/3",3,2
"VCVTTSD2SI","reg","xmm1",,,4,"AVX",2,"FP2/3, FP4",4,1
"VCVTTSS2SI","reg","xmm1",,,4,"AVX",2,"FP2/3, FP4",4,1
"VDIVPD","xmm1","xmm2","xmm3",,4,"AVX",1,"FP3",13,0.15
"VDIVPD","ymm1","ymm2","ymm3",,4,"AVX",1,"FP3",13,0.15
"VDIVPS","xmm1","xmm2","xmm3",,4,"AVX",1,"FP3",10,0.20
"VDIVPS","ymm1","ymm2","ymm3",,4,"AVX",1,"FP3",10,0.20
"VDIVSD","xmm1","xmm2","xmm3",,4,"AVX",1,"FP3",13,0.15
"VDIVSS","xmm1","xmm2","xmm3",,4,"AVX",1,"FP3",10,0.20
"VDPPD","xmm1","xmm2","xmm3",,4,"AVX","ucode",,,
"VDPPS","xmm1","xmm2","xmm3",,4,"AVX","ucode",,,
"VDPPS","ymm1","ymm2","ymm3",,4,"AVX","ucode",,,
"VERR",,,,,3,"general","ucode",,,
"VERW",,,,,3,"general","ucode",,,
"VEXTRACTF128",,,,,4,"AVX",2,"FP0, FP4",4,1
"VEXTRACTF128",,,,,4,"AVX2",1,"FP0",4,1
"VEXTRACTPS",,"CL/Imm",,,4,"AVX",2,"FP1/2, FP4",2,1
"VFMADD132PD","xmm1","xmm2","xmm3",,4,"FMA",1,"FP0/1",4,2
"VFMADD132PD","ymm1","ymm2","ymm3",,4,"FMA",1,"FP0/1",4,2
"VFMADD132PS","xmm1","xmm2","xmm3",,4,"FMA",1,"FP0/1",4,2
"VFMADD132PS","ymm1","ymm2","ymm3",,4,"FMA",1,"FP0/1",4,2
"VFMADD132SD","xmm1","xmm2","xmm3",,4,"FMA",1,"FP0/1",4,2
"VFMADD132SD","ymm1","ymm2","ymm3",,4,"FMA",1,"FP0/1",4,2
"VFMADD132SS","xmm1","xmm2","xmm3",,4,"FMA",1,"FP0/1",4,2
"VFMADD132SS","ymm1","ymm2","ymm3",,4,"FMA",1,"FP0/1",4,2
"VFMADD213PD","xmm1","xmm2","xmm3",,4,"FMA",1,"FP0/1",4,2
"VFMADD213PD","ymm1","ymm2","ymm3",,4,"FMA",1,"FP0/1",4,2
"VFMADD213PS","xmm1","xmm2","xmm3",,4,"FMA",1,"FP0/1",4,2
"VFMADD213PS","ymm1","ymm2","ymm3",,4,"FMA",1,"FP0/1",4,2
"VFMADD213SD","xmm1","xmm2","xmm3",,4,"FMA",1,"FP0/1",4,2
"VFMADD213SD","ymm1","ymm2","ymm3",,4,"FMA",1,"FP0/1",4,2
"VFMADD213SS","xmm1","xmm2","xmm3",,4,"FMA",1,"FP0/1",4,2
"VFMADD213SS","ymm1","ymm2","ymm3",,4,"FMA",1,"FP0/1",4,2
"VFMADD231PD","xmm1","xmm2","xmm3",,4,"FMA",1,"FP0/1",4,2
"VFMADD231PD","ymm1","ymm2","ymm3",,4,"FMA",1,"FP0/1",4,2
"VFMADD231PS","xmm1","xmm2","xmm3",,4,"FMA",1,"FP0/1",4,2
"VFMADD231PS","ymm1","ymm2","ymm3",,4,"FMA",1,"FP0/1",4,2
"VFMADD231SD","xmm1","xmm2","xmm3",,4,"FMA",1,"FP0/1",4,2
"VFMADD231SD","ymm1","ymm2","ymm3",,4,"FMA",1,"FP0/1",4,2
"VFMADD231SS","xmm1","xmm2","xmm3",,4,"FMA",1,"FP0/1",4,2
"VFMADD231SS","ymm1","ymm2","ymm3",,4,"FMA",1,"FP0/1",4,2
"VFMADDPD","xmm1","xmm2","xmm3",,4,"FMA4","not supported",,,
"VFMADDPD","ymm1","ymm2","ymm3",,4,"FMA4",,,,
"VFMADDPS","xmm1","xmm2","xmm3",,4,"FMA4","not supported",,,
"VFMADDPS","ymm1","ymm2","ymm3",,4,"FMA4",,,,
"VFMADDSD","xmm1","xmm2","xmm3",,4,"FMA4","not supported",,,
"VFMADDSD","ymm1","ymm2","ymm3",,4,"FMA4",,,,
"VFMADDSS","xmm1","xmm2","xmm3",,4,"FMA4","not supported",,,
"VFMADDSS","ymm1","ymm2","ymm3",,4,"FMA4",,,,
"VFMADDSUB132PD","xmm1","xmm2","xmm3",,4,"FMA",1,"FP0/1",4,2
"VFMADDSUB132PD","ymm1","ymm2","ymm3",,4,"FMA",1,"FP0/1",4,2
"VFMADDSUB132PS","xmm1","xmm2","xmm3",,4,"FMA",1,"FP0/1",4,2
"VFMADDSUB132PS","ymm1","ymm2","ymm3",,4,"FMA",1,"FP0/1",4,2
"VFMADDSUB213PD","xmm1","xmm2","xmm3",,4,"FMA",1,"FP0/1",4,2
"VFMADDSUB213PD","ymm1","ymm2","ymm3",,4,"FMA",1,"FP0/1",4,2
"VFMADDSUB213PS","xmm1","xmm2","xmm3",,4,"FMA",1,"FP0/1",4,2
"VFMADDSUB213PS","ymm1","ymm2","ymm3",,4,"FMA",1,"FP0/1",4,2
"VFMADDSUB231PD","xmm1","xmm2","xmm3",,4,"FMA",1,"FP0/1",4,2
"VFMADDSUB231PD","ymm1","ymm2","ymm3",,4,"FMA",1,"FP0/1",4,2
"VFMADDSUB231PS","xmm1","xmm2","xmm3",,4,"FMA",1,"FP0/1",4,2
"VFMADDSUB231PS","ymm1","ymm2","ymm3",,4,"FMA",1,"FP0/1",4,2
"VFMADDSUBPD","xmm1","xmm2","xmm3",,4,"FMA4","not supported",,,
"VFMADDSUBPD","ymm1","ymm2","ymm3",,4,"FMA4",,,,
"VFMADDSUBPS","xmm1","xmm2","xmm3",,4,"FMA4","not supported",,,
"VFMADDSUBPS","ymm1","ymm2","ymm3",,4,"FMA4",,,,
"VFMSUB132PD","xmm1","xmm2","xmm3",,4,"FMA",1,"FP0/1",4,2
"VFMSUB132PD","ymm1","ymm2","ymm3",,4,"FMA",1,"FP0/1",4,2
"VFMSUB132PS","xmm1","xmm2","xmm3",,4,"FMA",1,"FP0/1",4,2
"VFMSUB132PS","ymm1","ymm2","ymm3",,4,"FMA",1,"FP0/1",4,2
"VFMSUB132SD","xmm1","xmm2","xmm3",,4,"FMA",1,"FP0/1",4,2
"VFMSUB132SD","ymm1","ymm2","ymm3",,4,"FMA",1,"FP0/1",4,2
"VFMSUB132SS","xmm1","xmm2","xmm3",,4,"FMA",1,"FP0/1",4,2
"VFMSUB132SS","ymm1","ymm2","ymm3",,4,"FMA",1,"FP0/1",4,2
"VFMSUB213PD","xmm1","xmm2","xmm3",,4,"FMA",1,"FP0/1",4,2
"VFMSUB213PD","ymm1","ymm2","ymm3",,4,"FMA",1,"FP0/1",4,2
"VFMSUB213PS","xmm1","xmm2","xmm3",,4,"FMA",1,"FP0/1",4,2
"VFMSUB213PS","ymm1","ymm2","ymm3",,4,"FMA",1,"FP0/1",4,2
"VFMSUB213SD","xmm1","xmm2","xmm3",,4,"FMA",1,"FP0/1",4,2
"VFMSUB213SD","ymm1","ymm2","ymm3",,4,"FMA",1,"FP0/1",4,2
"VFMSUB213SS","xmm1","xmm2","xmm3",,4,"FMA",1,"FP0/1",4,2
"VFMSUB213SS","ymm1","ymm2","ymm3",,4,"FMA",1,"FP0/1",4,2
"VFMSUB231PD","xmm1","xmm2","xmm3",,4,"FMA",1,"FP0/1",4,2
"VFMSUB231PD","ymm1","ymm2","ymm3",,4,"FMA",1,"FP0/1",4,2
"VFMSUB231PS","xmm1","xmm2","xmm3",,4,"FMA",1,"FP0/1",4,2
"VFMSUB231PS","ymm1","ymm2","ymm3",,4,"FMA",1,"FP0/1",4,2
"VFMSUB231SD","xmm1","xmm2","xmm3",,4,"FMA",1,"FP0/1",4,2
"VFMSUB231SD","ymm1","ymm2","ymm3",,4,"FMA",1,"FP0/1",4,2
"VFMSUB231SS","xmm1","xmm2","xmm3",,4,"FMA",1,"FP0/1",4,2
"VFMSUB231SS","ymm1","ymm2","ymm3",,4,"FMA",1,"FP0/1",4,2
"VFMSUBADD132PD","xmm1","xmm2","xmm3",,4,"FMA",1,"FP0/1",4,2
"VFMSUBADD132PD","ymm1","ymm2","ymm3",,4,"FMA",1,"FP0/1",4,2
"VFMSUBADD132PS","xmm1","xmm2","xmm3",,4,"FMA",1,"FP0/1",4,2
"VFMSUBADD132PS","ymm1","ymm2","ymm3",,4,"FMA",1,"FP0/1",4,2
"VFMSUBADD213PD","xmm1","xmm2","xmm3",,4,"FMA",1,"FP0/1",4,2
"VFMSUBADD213PD","ymm1","ymm2","ymm3",,4,"FMA",1,"FP0/1",4,2
"VFMSUBADD213PS","xmm1","xmm2","xmm3",,4,"FMA",1,"FP0/1",4,2
"VFMSUBADD213PS","ymm1","ymm2","ymm3",,4,"FMA",1,"FP0/1",4,2
"VFMSUBADD231PD","xmm1","xmm2","xmm3",,4,"FMA",1,"FP0/1",4,2
"VFMSUBADD231PD","ymm1","ymm2","ymm3",,4,"FMA",1,"FP0/1",4,2
"VFMSUBADD231PS","xmm1","xmm2","xmm3",,4,"FMA",1,"FP0/1",4,2
"VFMSUBADD231PS","ymm1","ymm2","ymm3",,4,"FMA",1,"FP0/1",4,2
"VFMSUBADDPD","xmm1","xmm2","xmm3",,4,"FMA4","not supported",,,
"VFMSUBADDPD","ymm1","ymm2","ymm3",,4,"FMA4",,,,
"VFMSUBADDPS","xmm1","xmm2","xmm3",,4,"FMA4","not supported",,,
"VFMSUBADDPS","ymm1","ymm2","ymm3",,4,"FMA4",,,,
"VFMSUBPD","xmm1","xmm2","xmm3",,4,"FMA4","not supported",,,
"VFMSUBPD","ymm1","ymm2","ymm3",,4,"FMA4",,,,
"VFMSUBPS","xmm1","xmm2","xmm3",,4,"FMA4","not supported",,,
"VFMSUBPS","ymm1","ymm2","ymm3",,4,"FMA4",,,,
"VFMSUBSD","xmm1","xmm2","xmm3",,4,"FMA4","not supported",,,
"VFMSUBSD","ymm1","ymm2","ymm3",,4,"FMA4",,,,
"VFMSUBSS","xmm1","xmm2","xmm3",,4,"FMA4","not supported",,,
"VFMSUBSS","ymm1","ymm2","ymm3",,4,"FMA4",,,,
"VFNMADD132PD","xmm1","xmm2","xmm3",,4,"FMA",1,"FP0/1",4,2
"VFNMADD132PD","ymm1","ymm2","ymm3",,4,"FMA",1,"FP0/1",4,2
"VFNMADD132PS","xmm1","xmm2","xmm3",,4,"FMA",1,"FP0/1",4,2
"VFNMADD132PS","ymm1","ymm2","ymm3",,4,"FMA",1,"FP0/1",4,2
"VFNMADD132SD","xmm1","xmm2","xmm3",,4,"FMA",1,"FP0/1",4,2
"VFNMADD132SD","ymm1","ymm2","ymm3",,4,"FMA",1,"FP0/1",4,2
"VFNMADD132SS","xmm1","xmm2","xmm3",,4,"FMA",1,"FP0/1",4,2
"VFNMADD132SS","ymm1","ymm2","ymm3",,4,"FMA",1,"FP0/1",4,2
"VFNMADD213PD","xmm1","xmm2","xmm3",,4,"FMA",1,"FP0/1",4,2
"VFNMADD213PD","ymm1","ymm2","ymm3",,4,"FMA",1,"FP0/1",4,2
"VFNMADD213PS","xmm1","xmm2","xmm3",,4,"FMA",1,"FP0/1",4,2
"VFNMADD213PS","ymm1","ymm2","ymm3",,4,"FMA",1,"FP0/1",4,2
"VFNMADD213SD","xmm1","xmm2","xmm3",,4,"FMA",1,"FP0/1",4,2
"VFNMADD213SD","ymm1","ymm2","ymm3",,4,"FMA",1,"FP0/1",4,2
"VFNMADD213SS","xmm1","xmm2","xmm3",,4,"FMA",1,"FP0/1",4,2
"VFNMADD213SS","ymm1","ymm2","ymm3",,4,"FMA",1,"FP0/1",4,2
"VFNMADD231PD","xmm1","xmm2","xmm3",,4,"FMA",1,"FP0/1",4,2
"VFNMADD231PD","ymm1","ymm2","ymm3",,4,"FMA",1,"FP0/1",4,2
"VFNMADD231PS","xmm1","xmm2","xmm3",,4,"FMA",1,"FP0/1",4,2
"VFNMADD231PS","ymm1","ymm2","ymm3",,4,"FMA",1,"FP0/1",4,2
"VFNMADD231SD","xmm1","xmm2","xmm3",,4,"FMA",1,"FP0/1",4,2
"VFNMADD231SD","ymm1","ymm2","ymm3",,4,"FMA",1,"FP0/1",4,2
"VFNMADD231SS","xmm1","xmm2","xmm3",,4,"FMA",1,"FP0/1",4,2
"VFNMADD231SS","ymm1","ymm2","ymm3",,4,"FMA",1,"FP0/1",4,2
"VFNMADDPD","xmm1","xmm2","xmm3","xmm4",4,"FMA4","not supported",,,
"VFNMADDPD","ymm1","ymm2","ymm3","ymm4",4,"FMA4",,,,
"VFNMADDPS","xmm1","xmm2","xmm3","xmm4",4,"FMA4","not supported",,,
"VFNMADDPS","ymm1","ymm2","ymm3","ymm4",4,"FMA4",,,,
"VFNMADDSD","xmm1","xmm2","xmm3","xmm4",4,"FMA4","not supported",,,
"VFNMADDSD","ymm1","ymm2","ymm3","ymm4",4,"FMA4",,,,
"VFNMADDSS","xmm1","xmm2","xmm3","xmm4",4,"FMA4","not supported",,,
"VFNMADDSS","ymm1","ymm2","ymm3","ymm4",4,"FMA4",,,,
"VFNMSUB132PD","xmm1","xmm2","xmm3",,4,"FMA",1,"FP0/1",4,2
"VFNMSUB132PD","ymm1","ymm2","ymm3",,4,"FMA",1,"FP0/1",4,2
"VFNMSUB132PS","xmm1","xmm2","xmm3",,4,"FMA",1,"FP0/1",4,2
"VFNMSUB132PS","ymm1","ymm2","ymm3",,4,"FMA",1,"FP0/1",4,2
"VFNMSUB132SD","xmm1","xmm2","xmm3",,4,"FMA",1,"FP0/1",4,2
"VFNMSUB132SD","ymm1","ymm2","ymm3",,4,"FMA",1,"FP0/1",4,2
"VFNMSUB132SS","xmm1","xmm2","xmm3",,4,"FMA",1,"FP0/1",4,2
"VFNMSUB132SS","ymm1","ymm2","ymm3",,4,"FMA",1,"FP0/1",4,2
"VFNMSUB213PD","xmm1","xmm2","xmm3",,4,"FMA",1,"FP0/1",4,2
"VFNMSUB213PD","ymm1","ymm2","ymm3",,4,"FMA",1,"FP0/1",4,2
"VFNMSUB213PS","xmm1","xmm2","xmm3",,4,"FMA",1,"FP0/1",4,2
"VFNMSUB213PS","ymm1","ymm2","ymm3",,4,"FMA",1,"FP0/1",4,2
"VFNMSUB213SD","xmm1","xmm2","xmm3",,4,"FMA",1,"FP0/1",4,2
"VFNMSUB213SD","ymm1","ymm2","ymm3",,4,"FMA",1,"FP0/1",4,2
"VFNMSUB213SS","xmm1","xmm2","xmm3",,4,"FMA",1,"FP0/1",4,2
"VFNMSUB213SS","ymm1","ymm2","ymm3",,4,"FMA",1,"FP0/1",4,2
"VFNMSUB231PD","xmm1","xmm2","xmm3",,4,"FMA",1,"FP0/1",4,2
"VFNMSUB231PD","ymm1","ymm2","ymm3",,4,"FMA",1,"FP0/1",4,2
"VFNMSUB231PS","xmm1","xmm2","xmm3",,4,"FMA",1,"FP0/1",4,2
"VFNMSUB231PS","ymm1","ymm2","ymm3",,4,"FMA",1,"FP0/1",4,2
"VFNMSUB231SD","xmm1","xmm2","xmm3",,4,"FMA",1,"FP0/1",4,2
"VFNMSUB231SD","ymm1","ymm2","ymm3",,4,"FMA",1,"FP0/1",4,2
"VFNMSUB231SS","xmm1","xmm2","xmm3",,4,"FMA",1,"FP0/1",4,2
"VFNMSUB231SS","ymm1","ymm2","ymm3",,4,"FMA",1,"FP0/1",4,2
"VFNMSUBPD","xmm1","xmm2","xmm3","xmm4",4,"FMA4","not supported",,,
"VFNMSUBPD","ymm1","ymm2","ymm3","ymm4",4,"FMA4",,,,
"VFNMSUBPS","xmm1","xmm2","xmm3","xmm4",4,"FMA4","not supported",,,
"VFNMSUBPS","ymm1","ymm2","ymm3","ymm4",4,"FMA4",,,,
"VFNMSUBSD","xmm1","xmm2","xmm3","xmm4",4,"FMA4","not supported",,,
"VFNMSUBSD","ymm1","ymm2","ymm3","ymm4",4,"FMA4",,,,
"VFNMSUBSS","xmm1","xmm2","xmm3","xmm4",4,"FMA4","not supported",,,
"VFNMSUBSS","ymm1","ymm2","ymm3","ymm4",4,"FMA4",,,,
"VFRCZPD","xmm1","xmm2",,,4,"XOP","not supported",,,
"VFRCZPD","ymm1","ymm2",,,4,"XOP","not supported",,,
"VFRCZPS","xmm1","xmm2",,,4,"XOP","not supported",,,
"VFRCZPS","ymm1","ymm2",,,4,"XOP","not supported",,,
"VFRCZSD","xmm1","xmm2",,,4,"XOP","not supported",,,
"VFRCZSS","xmm1","xmm2",,,4,"XOP","not supported",,,
"VGATHERDD","xmm1","vm32x","xmm2",,4,"AVX2","ucode",,,
"VGATHERDD","ymm1","vm32x","ymm2",,4,"AVX2","ucode",,,
"VGATHERDPD","xmm1","vm32x","xmm2",,4,"AVX2","ucode",,,
"VGATHERDPD","ymm1","vm32x","ymm2",,4,"AVX2","ucode",,,
"VGATHERDPS","xmm1","vm32x","xmm2",,4,"AVX2","ucode",,,
"VGATHERDPS","ymm1","vm32x","ymm2",,4,"AVX2","ucode",,,
"VGATHERDQ","xmm1","vm32x","xmm2",,4,"AVX2","ucode",,,
"VGATHERDQ","ymm1","vm32x","ymm2",,4,"AVX2","ucode",,,
"VGATHERQD","xmm1","vm32x","xmm2",,4,"AVX2","ucode",,,
"VGATHERQD","ymm1","vm32x","ymm2",,4,"AVX2","ucode",,,
"VGATHERQPD","xmm1","vm32x","xmm2",,4,"AVX2","ucode",,,
"VGATHERQPD","ymm1","vm32x","ymm2",,4,"AVX2","ucode",,,
"VGATHERQPS","xmm1","vm32x","xmm2",,4,"AVX2","ucode",,,
"VGATHERQPS","ymm1","vm32x","ymm2",,4,"AVX2","ucode",,,
"VGATHERQQ","xmm1","vm32x","xmm2",,4,"AVX2","ucode",,,
"VGATHERQQ","ymm1","vm32x","ymm2",,4,"AVX2","ucode",,,
"VHADDPD","xmm1","xmm2","xmm3",,4,"AVX","ucode",,4,1
"VHADDPD","ymm1","ymm2","ymm3",,4,"AVX","ucode",,4,1
"VHADDPS","xmm1","xmm2","xmm3",,4,"AVX","ucode",,4,1
"VHADDPS","ymm1","ymm2","ymm3",,4,"AVX","ucode",,4,1
"VHSUBPD","xmm1","xmm2","xmm3",,4,"AVX","ucode",,4,1
"VHSUBPD","ymm1","ymm2","ymm3",,4,"AVX","ucode",,4,1
"VHSUBPS","xmm1","xmm2","xmm3",,4,"AVX","ucode",,4,1
"VHSUBPS","ymm1","ymm2","ymm3",,4,"AVX","ucode",,4,1
"VINSERTF128","ymm1","ymm2","xmm3","imm",4,"AVX",1,"FP0",1,1
"VINSERTI128","ymm1","ymm2","xmm3","imm",4,"AVX2",1,"FP0",1,1
"VINSERTPS","xmm1","xmm2","xmm3","imm8",4,"AVX",1,"FP1/2",1,2
"VLDDQU","xmm1","mem128",,,4,"AVX",1,"LD",,2
"VLDDQU","ymm1","mem256",,,4,"AVX",1,"LD",,2
"VLDMXCSR",,,,,4,"AVX","ucode",,,
"VMASKMOVDQU",,,,,4,"AVX","ucode",,,
"VMASKMOVPD","xmm1","xmm2","mem128",,4,"AVX",1,"FP0/1",1,2
"VMASKMOVPD","ymm1","ymm2","mem256",,4,"AVX",1,"FP0/1",1,2
"VMASKMOVPS","xmm1","xmm2","mem128",,4,"AVX",1,"FP0/1",1,2
"VMASKMOVPS","ymm1","ymm2","mem256",,4,"AVX",1,"FP0/1",1,2
"VMAXPD","xmm1","xmm2","xmm3",,4,"AVX",1,"FP0/1",1,2
"VMAXPD","ymm1","ymm2","ymm3",,4,"AVX",1,"FP0/1",1,2
"VMAXPS","xmm1","xmm2","xmm3",,4,"AVX",1,"FP0/1",1,2
"VMAXPS","ymm1","ymm2","ymm3",,4,"AVX",1,"FP0/1",1,2
"VMAXSD","xmm1","xmm2","xmm3",,4,"AVX",1,"FP0/1",1,2
"VMAXSS","xmm1","xmm2","xmm3",,4,"AVX",1,"FP0/1",1,2
"VMINPD","xmm1","xmm2","xmm3",,4,"AVX",1,"FP0/1",1,2
"VMINPD","ymm1","ymm2","ymm3",,4,"AVX",1,"FP0/1",1,2
"VMINPS","xmm1","xmm2","xmm3",,4,"AVX",1,"FP0/1",1,2
"VMINPS","ymm1","ymm2","ymm3",,4,"AVX",1,"FP0/1",1,2
"VMINSD","xmm1","xmm2","xmm3",,4,"AVX",1,"FP0/1",1,2
"VMINSS","xmm1","xmm2","xmm3",,4,"AVX",1,"FP0/1",1,2
"VMLOAD",,,,,3,"SVM","ucode",,,
"VMMCALL",,,,,3,"SVM","ucode",,,
"VMOVAPD","xmm1","xmm2",,,4,"AVX",1,"FP0/1/2/3",1,4
"VMOVAPD","ymm1","ymm2",,,4,"AVX",1,"FP0/1/2/3",1,4
"VMOVAPS","xmm1","xmm2",,,4,"AVX",1,"FP0/1/2/3",1,4
"VMOVAPS","ymm1","ymm2",,,4,"AVX",1,"FP0/1/2/3",1,4
"VMOVD","reg","xmm1",,,4,"AVX",1,"ALU0",2,1
"VMOVD","xmm1","reg32",,,4,"AVX",1,"ALU2",2,1
"VMOVDDUP","xmm1","xmm2",,,4,"AVX",1,"FP1/2",1,2
"VMOVDDUP","ymm1","ymm2",,,4,"AVX",1,"FP1/2",1,2
"VMOVDQA","xmm1","xmm2",,,4,"AVX",1,,0,4
"VMOVDQA","ymm1","ymm2",,,4,"AVX",1,,0,2
"VMOVDQU","xmm1","xmm2",,,4,"AVX",1,"FP0/1/2/3",1,4
"VMOVDQU","ymm1","ymm2",,,4,"AVX",1,"FP0/1/2/3",1,4
"VMOVHLPS","xmm1","xmm2","xmm3",,4,"AVX",1,"FP1/2",1,2
"VMOVHPD","mem64","xmm1",,,4,"AVX",2,"FP1/2, FP4",2,1
"VMOVHPD","xmm1","xmm2","mem64",,4,"AVX",1,"FP1/2",1,2
"VMOVHPS","mem64","xmm1",,,4,"AVX",2,"FP1/2, FP4",2,1
"VMOVHPS","xmm1","xmm2","mem64",,4,"AVX",1,"FP1/2",1,2
"VMOVLHPS","xmm1","xmm2","xmm3",,4,"AVX",2,"FP1/2, FP2",2,1
"VMOVLPD","mem64","xmm1",,,4,"AVX",1,"FP4",1,1
"VMOVLPD","xmm1","xmm2","mem64",,4,"AVX",1,"FP0/1/2/3",1,2
"VMOVLPS","mem64","xmm1",,,4,"AVX",1,"FP4",1,1
"VMOVLPS","xmm1","xmm2","mem64",,4,"AVX",1,"FP0/1/2/3",1,2
"VMOVMSKPD","reg","xmm2",,,4,"AVX",1,"FP2",1,1
"VMOVMSKPD","reg","ymm2",,,4,"AVX",1,"FP2",1,1
"VMOVMSKPS","reg","xmm2",,,4,"AVX",1,"FP2",1,1
"VMOVMSKPS","reg","ymm2",,,4,"AVX",1,"FP2",1,1
"VMOVNTDQ","mem128","xmm1",,,4,"AVX",1,"FP4",1,1
"VMOVNTDQ","mem256","ymm1",,,4,"AVX",1,"FP4",1,1
"VMOVNTDQA","xmm1","mem128",,,4,"AVX",1,,0,2
"VMOVNTDQA","ymm1","mem256",,,4,"AVX2",1,,0,2
"VMOVNTPD","mem128","xmm1",,,4,"AVX",1,"FP4",1,1
"VMOVNTPD","mem256","ymm1",,,4,"AVX",1,"FP4",1,1
"VMOVNTPS","mem128","xmm1",,,4,"AVX",1,"FP4",1,1
"VMOVNTPS","mem256","ymm1",,,4,"AVX",1,"FP4",1,1
"VMOVQ","xmm1","xmm2",,,4,"AVX",1,"FP0/1/2/3",1,4
"VMOVSD","xmm1","xmm2",,,4,"AVX",1,"FP0/1/2/3",1,4
"VMOVSHDUP","xmm1","xmm2",,,4,"AVX",1,"FP1/2",1,2
"VMOVSHDUP","ymm1","ymm2",,,4,"AVX",1,"FP1/2",1,2
"VMOVSLDUP","xmm1","xmm2",,,4,"AVX",1,"FP1/2",1,2
"VMOVSLDUP","ymm1","ymm2",,,4,"AVX",1,"FP1/2",1,2
"VMOVSS","xmm1","xmm2",,,4,"AVX",1,"FP0/1/2/3",1,4
"VMOVUPD","xmm1","xmm2",,,4,"AVX",1,"FP0/1/2/3",1,4
"VMOVUPD","ymm1","ymm2",,,4,"AVX",1,"FP0/1/2/3",1,4
"VMOVUPS","xmm1","xmm2",,,4,"AVX",1,"FP0/1/2/3",1,4
"VMOVUPS","ymm1","ymm2",,,4,"AVX",1,"FP0/1/2/3",1,4
"VMPSADBW","xmm1","xmm2","xmm3",,4,"AVX","ucode",,"ucode","ucode"
"VMPSADBW","ymm1","ymm2","ymm3",,4,"AVX2","ucode",,"ucode","ucode"
"VMRUN",,,,,3,"SVM","ucode",,,
"VMSAVE",,,,,3,"SVM","ucode",,,
"VMULPD","xmm1","xmm2","xmm3",,4,"AVX",1,"FP0/1",3,2
"VMULPD","ymm1","ymm2","ymm3",,4,"AVX",1,"FP0/1",3,2
"VMULPS","xmm1","xmm2","xmm3",,4,"AVX",1,"FP0/1",3,2
"VMULPS","ymm1","ymm2","ymm3",,4,"AVX",1,"FP0/1",3,2
"VMULSD","xmm1","xmm2","xmm3",,4,"AVX",1,"FP0/1",3,2
"VMULSS","xmm1","xmm2","xmm3",,4,"AVX",1,"FP0/1",3,2
"VORPD","xmm1","xmm2","xmm3",,4,"AVX",1,"FP0/1/2/3",1,4
"VORPD","ymm1","ymm2","ymm3",,4,"AVX",1,"FP0/1/2/3",1,4
"VORPS","xmm1","xmm2","xmm3",,4,"AVX",1,"FP0/1/2/3",1,4
"VORPS","ymm1","ymm2","ymm3",,4,"AVX",1,"FP0/1/2/3",1,4
"VPABSB","xmm1","xmm2",,,4,"AVX",1,"FP0/1",1,2
"VPABSB","ymm1","ymm2",,,4,"AVX2",1,"FP0/1",1,2
"VPABSD","xmm1","xmm2",,,4,"AVX",1,"FP0/1",1,2
"VPABSD","ymm1","ymm2",,,4,"AVX2",1,"FP0/1",1,2
"VPABSW","xmm1","xmm2",,,4,"AVX",1,"FP0/1",1,2
"VPABSW","ymm1","ymm2",,,4,"AVX2",1,"FP0/1",1,2
"VPACKSSDW","xmm1","xmm2","xmm3",,4,"AVX",1,"FP1/2",1,2
"VPACKSSDW","ymm1","ymm2","ymm3",,4,"AVX2",1,"FP1/2",1,2
"VPACKSSWB","xmm1","xmm2","xmm3",,4,"AVX",1,"FP1/2",1,2
"VPACKSSWB","ymm1","ymm2","ymm3",,4,"AVX2",1,"FP1/2",1,2
"VPACKUSDW","xmm1","xmm2","xmm3",,4,"AVX",1,"FP1/2",1,2
"VPACKUSDW","ymm1","ymm2","ymm3",,4,"AVX2",1,"FP1/2",1,2
"VPACKUSWB","xmm1","xmm2","xmm3",,4,"AVX",1,"FP1/2",1,2
"VPACKUSWB","ymm1","ymm2","ymm3",,4,"AVX2",1,"FP1/2",1,2
"VPADDB","xmm1","xmm2","xmm3",,4,"AVX",1,"FP0/1/2/3",1,4
"VPADDB","ymm1","ymm2","ymm3",,4,"AVX2",1,"FP0/1/2/3",1,4
"VPADDD","xmm1","xmm2","xmm3",,4,"AVX",1,"FP0/1/2/3",1,4
"VPADDD","ymm1","ymm2","ymm3",,4,"AVX2",1,"FP0/1/2/3",1,4
"VPADDQ","xmm1","xmm2","xmm3",,4,"AVX",1,"FP0/1/2/3",1,4
"VPADDQ","ymm1","ymm2","ymm3",,4,"AVX2",1,"FP0/1/2/3",1,4
"VPADDSB","xmm1","xmm2","xmm3",,4,"AVX",1,"FP0/1",1,2
"VPADDSB","ymm1","ymm2","ymm3",,4,"AVX2",1,"FP0/1",1,2
"VPADDSW","xmm1","xmm2","xmm3",,4,"AVX",1,"FP0/1",1,2
"VPADDSW","ymm1","ymm2","ymm3",,4,"AVX2",1,"FP0/1",1,2
"VPADDUSB","xmm1","xmm2","xmm3",,4,"AVX",1,"FP0/1",1,2
"VPADDUSB","ymm1","ymm2","ymm3",,4,"AVX2",1,"FP0/1",1,2
"VPADDUSW","xmm1","xmm2","xmm3",,4,"AVX",1,"FP0/1",1,2
"VPADDUSW","ymm1","ymm2","ymm3",,4,"AVX2",1,"FP0/1",1,2
"VPADDW","xmm1","xmm2","xmm3",,4,"AVX",1,"FP0/1/2/3",1,4
"VPADDW","ymm1","ymm2","ymm3",,4,"AVX2",1,"FP0/1/2/3",1,4
"VPALIGNR","xmm1","xmm2","xmm3","imm",4,"AVX",1,"FP1/2",1,2
"VPALIGNR","ymm1","ymm2","ymm3","imm",4,"AVX2",1,"FP1/2",1,2
"VPAND","xmm1","xmm2","xmm3",,4,"AVX",1,"FP0/1/2/3",1,4
"VPAND","ymm1","ymm2","ymm3",,4,"AVX2",1,"FP0/1/2/3",1,4
"VPANDN","xmm1","xmm2","xmm3",,4,"AVX",1,"FP0/1/2/3",1,4
"VPANDN","ymm1","ymm2","ymm3",,4,"AVX2",1,"FP0/1/2/3",1,4
"VPAVGB","xmm1","xmm2","xmm3",,4,"AVX",1,"FP0/3",1,2
"VPAVGB","ymm1","ymm2","ymm3",,4,"AVX2",1,"FP0/3",1,2
"VPAVGW","xmm1","xmm2","xmm3",,4,"AVX",1,"FP0/3",1,2
"VPAVGW","ymm1","ymm2","ymm3",,4,"AVX2",1,"FP0/3",1,2
"VPBLENDD","xmm1","xmm2","xmm/mem","imm",4,"AVX2",1,"FP0/1/2/3",1,4
"VPBLENDD","ymm1","ymm2","ymm3/mem","imm",4,"AVX2",1,"FP0/1/2/3",1,4
"VPBLENDVB","xmm1","xmm2","xmm3","xmm4",4,"AVX",1,"FP0/1",1,2
"VPBLENDVB","ymm1","ymm2","ymm3","ymm4",4,"AVX2",1,"FP0/1",1,2
"VPBLENDW","xmm1","xmm2","xmm3","imm",4,"AVX",1,"FP0/1/2/3",1,4
"VPBLENDW","ymm1","ymm2","ymm3","imm",4,"AVX2",1,"FP0/1/2/3",1,4
"VPBROADCASTB","xmm1","xmm2/mem",,,4,"AVX2",1,"FP1/2",1,2
"VPBROADCASTB","ymm1","xmm2/mem",,,4,"AVX2",1,"FP1/2",1,2
"VPBROADCASTD","xmm1","xmm2/mem",,,4,"AVX2",1,"FP1/2",1,2
"VPBROADCASTD","ymm1","xmm2/mem",,,4,"AVX2",1,"FP1/2",1,2
"VPBROADCASTQ","xmm1","xmm2/mem",,,4,"AVX2",1,"FP1/2",1,2
"VPBROADCASTQ","ymm1","xmm2/mem",,,4,"AVX2",1,"FP1/2",1,2
"VPBROADCASTW","xmm1","xmm2/mem",,,4,"AVX2",1,"FP1/2",1,2
"VPBROADCASTW","ymm1","xmm2/mem",,,4,"AVX2",1,"FP1/2",1,2
"VPCLMULHQHQDQ","xmm1","xmm2","xmm3",,4,"CLMUL","ucode",,,
"VPCLMULHQLQDQ","xmm1","xmm2","imm8",,4,"CLMUL","ucode",,,
"VPCLMULLQHQDQ","xmm1","xmm2","ymm3",,4,"CLMUL","ucode",,,
"VPCLMULLQLQDQ","xmm1","xmm2","imm8",,4,"CLMUL","ucode",,,
"VPCLMULQDQ","xmm1","xmm2","xmm3",,4,"AVX","ucode",,,
"VPCLMULQDQ","ymm1","ymm2","ymm3/mem","imm8",4,"VPCLMULQDQ",,,,
"VPCMOV","xmm1","xmm2","xmm3",,4,"XOP","not supported",,,
"VPCMOV","ymm1","ymm2","ymm3",,4,"XOP","not supported",,,
"VPCMPEQB","xmm1","xmm2","xmm3",,4,"AVX",1,"FP0/1/2/3",1,4
"VPCMPEQB","ymm1","ymm2","ymm3",,4,"AVX2",1,"FP0/1/2/3",1,4
"VPCMPEQD","xmm1","xmm2","xmm3",,4,"AVX",1,"FP0/1/2/3",1,4
"VPCMPEQD","ymm1","ymm2","ymm3",,4,"AVX2",1,"FP0/1/2/3",1,4
"VPCMPEQQ","xmm1","xmm2","xmm3",,4,"AVX",1,"FP0/1",1,2
"VPCMPEQQ","ymm1","ymm2","ymm3",,4,"AVX2",1,"FP0/1",1,2
"VPCMPEQW","xmm1","xmm2","xmm3",,4,"AVX",1,"FP0/1/2/3",1,4
"VPCMPEQW","ymm1","ymm2","ymm3",,4,"AVX2",1,"FP0/1/2/3",1,4
"VPCMPESTRI","xmm1","xmm2","imm",,4,"AVX","ucode",,,
"VPCMPESTRM","xmm1","xmm2","imm",,4,"AVX","ucode",,,
"VPCMPGTB","xmm1","xmm2","xmm3",,4,"AVX",1,"FP0/1/2/3",1,4
"VPCMPGTB","ymm1","ymm2","ymm3",,4,"AVX2",1,"FP0/1/2/3",1,4
"VPCMPGTD","xmm1","xmm2","xmm3",,4,"AVX",1,"FP0/1/2/3",1,4
"VPCMPGTD","ymm1","ymm2","ymm3",,4,"AVX2",1,"FP0/1/2/3",1,4
"VPCMPGTQ","xmm1","xmm2","xmm3",,4,"AVX",1,"FP0/1",1,2
"VPCMPGTQ","ymm1","ymm2","ymm3",,4,"AVX2",1,"FP0/1",1,2
"VPCMPGTW","xmm1","xmm2","xmm3",,4,"AVX",1,"FP0/1/2/3",1,4
"VPCMPGTW","ymm1","ymm2","ymm3",,4,"AVX2",1,"FP0/1/2/3",1,4
"VPCMPISTRI","xmm1","xmm2","imm",,4,"AVX","ucode",,,
"VPCMPISTRM","xmm1","xmm2","imm",,4,"AVX","ucode",,,
"VPCOMccB","xmm1","xmm2","xmm3","imm",4,"XOP","not supported",,,
"VPCOMccD","xmm1","xmm2","xmm3","imm",4,"XOP","not supported",,,
"VPCOMccQ","xmm1","xmm2","xmm3","imm",4,"XOP","not supported",,,
"VPCOMccUB","xmm1","xmm2","xmm3","imm",4,"XOP","not supported",,,
"VPCOMccUD","xmm1","xmm2","xmm3","imm",4,"XOP","not supported",,,
"VPCOMccUQ","xmm1","xmm2","xmm3","imm",4,"XOP","not supported",,,
"VPCOMccUW","xmm1","xmm2","xmm3","imm",4,"XOP","not supported",,,
"VPCOMccW","xmm1","xmm2","xmm3","imm",4,"XOP","not supported",,,
"VPERM2F128","ymm1","xmm2","xmm3","imm",4,"AVX",1,"FP2",3,1
"VPERM2I128","ymm1","xmm2","xmm3","imm",4,"AVX",1,"FP2",3,1
"VPERMD","ymm1","ymm2","ymm3/mem256",,4,"AVX2","ucode",,,
"VPERMIL2PD","xmm1","xmm2","xmm3","xmm4",4,"XOP","not supported",,,
"VPERMIL2PD","ymm1","ymm2","ymm3","ymm4",4,"XOP","not supported",,,
"VPERMIL2PS","xmm1","xmm2","xmm3","xmm4",4,"XOP","not supported",,,
"VPERMIL2PS","ymm1","ymm2","ymm3","ymm4",4,"XOP","not supported",,,
"VPERMILPD","xmm1","xmm2","imm8",,4,"AVX",1,"FP1/2",1,2
"VPERMILPD","xmm1","xmm2","xmm3",,4,"AVX",1,"FP1/2",1,2
"VPERMILPD","ymm1","ymm2","imm8",,4,"AVX",1,"FP1/2",1,2
"VPERMILPD","ymm1","ymm2","ymm3",,4,"AVX",1,"FP1/2",1,2
"VPERMILPS","xmm1","xmm2","imm8",,4,"AVX",1,"FP1/2",1,2
"VPERMILPS","xmm1","xmm2","xmm3",,4,"AVX",1,"FP1/2",1,2
"VPERMILPS","ymm1","ymm2","imm8",,4,"AVX",1,"FP1/2",1,2
"VPERMILPS","ymm1","ymm2","ymm3",,4,"AVX",1,"FP1/2",1,2
"VPERMPD","ymm1","ymm2","imm8",,4,"AVX2","ucode",,,
"VPERMPS","ymm1","ymm2","ymm3/mem256",,4,"AVX2","ucode",,,
"VPERMQ","ymm1","ymm2","imm8",,4,"AVX2","ucode",,,
"VPEXTRB","reg","xmm1","imm8",,4,"AVX",2,"FP1/2, FP2",2,1
"VPEXTRD","reg","xmm1","imm8",,4,"AVX",2,"FP1/2, FP2",2,1
"VPEXTRQ","reg","xmm1","imm8",,4,"AVX",2,"FP1/2, FP2",2,1
"VPEXTRW","reg","xmm1","imm8",,4,"AVX",2,"FP1/2, FP2",2,1
"VPHADDBD","xmm1","xmm2",,,4,"XOP","not supported",,,
"VPHADDBQ","xmm1","xmm2",,,4,"XOP","not supported",,,
"VPHADDBW","xmm1","xmm2",,,4,"XOP","not supported",,,
"VPHADDD","xmm1","xmm2","xmm3",,4,"AVX","ucode",,,
"VPHADDD","ymm1","ymm2","ymm3",,4,"AVX2","ucode",,,
"VPHADDDQ","xmm1","xmm2",,,4,"XOP","not supported",,,
"VPHADDSW","xmm1","xmm2","xmm3",,4,"AVX","ucode",,,
"VPHADDSW","ymm1","ymm2","ymm3",,4,"AVX2","ucode",,,
"VPHADDUBD","xmm1","xmm2",,,4,"XOP","not supported",,,
"VPHADDUBQ","xmm1","xmm2",,,4,"XOP","not supported",,,
"VPHADDUBW","xmm1","xmm2",,,4,"XOP","not supported",,,
"VPHADDUDQ","xmm1","xmm2",,,4,"XOP","not supported",,,
"VPHADDUWD","xmm1","xmm2",,,4,"XOP","not supported",,,
"VPHADDUWQ","xmm1","xmm2",,,4,"XOP","not supported",,,
"VPHADDW","xmm1","xmm2","xmm3",,4,"AVX","ucode",,,
"VPHADDW","ymm1","ymm2","ymm3",,4,"AVX2","ucode",,,
"VPHADDWD","xmm1","xmm2",,,4,"XOP","not supported",,,
"VPHADDWQ","xmm1","xmm2",,,4,"XOP","not supported",,,
"VPHMINPOSUW","xmm1","xmm2","xmm3",,4,"AVX",1,"FP0/1",3,2
"VPHSUBBW","xmm1","xmm2",,,4,"XOP","not supported",,,
"VPHSUBD","xmm1","xmm2","xmm3",,4,"AVX","ucode",,,
"VPHSUBD","ymm1","ymm2","ymm3",,4,"AVX2","ucode",,,
"VPHSUBDQ","xmm1","xmm2",,,4,"XOP","not supported",,,
"VPHSUBSW","xmm1","xmm2","xmm3",,4,"AVX","ucode",,,
"VPHSUBSW","ymm1","ymm2","ymm3",,4,"AVX2","ucode",,,
"VPHSUBW","xmm1","xmm2","xmm3",,4,"AVX","ucode",,2,0.5
"VPHSUBW","ymm1","ymm2","ymm3",,4,"AVX2","ucode",,3,0.33
"VPHSUBWD","xmm1","xmm2",,,4,"XOP","not supported",,,
"VPINSRB","xmm1","mem8","xmm2","imm8",4,"AVX",1,"FP1/2",1,2
"VPINSRB","xmm1","reg32","xmm2","imm8",4,"AVX",1,"FP1/2",3,1
"VPINSRD","xmm1","mem32","xmm2","imm8",4,"AVX",1,"FP1/2",1,2
"VPINSRD","xmm1","reg32","xmm2","imm8",4,"AVX",1,"FP1/2",3,1
"VPINSRQ","xmm1","mem64","xmm2","imm8",4,"AVX",1,"FP1/2",1,2
"VPINSRQ","xmm1","reg64","xmm2","imm8",4,"AVX",1,"FP1/2",3,1
"VPINSRW","xmm1","mem16","xmm2","imm8",4,"AVX",1,"FP1/2",1,2
"VPINSRW","xmm1","reg32","xmm2","imm8",4,"AVX",1,"FP1/2",3,1
"VPMACSDD","xmm1","xmm2","xmm3","xmm4",4,"XOP","not supported",,,
"VPMACSDQH","xmm1","xmm2","xmm3","xmm4",4,"XOP","not supported",,,
"VPMACSDQL","xmm1","xmm2","xmm3","xmm4",4,"XOP","not supported",,,
"VPMACSSDD","xmm1","xmm2","xmm3","xmm4",4,"XOP","not supported",,,
"VPMACSSDQH","xmm1","xmm2","xmm3","xmm4",4,"XOP","not supported",,,
"VPMACSSDQL","xmm1","xmm2","xmm3","xmm4",4,"XOP","not supported",,,
"VPMACSSWD","xmm1","xmm2","xmm3","xmm4",4,"XOP","not supported",,,
"VPMACSSWW","xmm1","xmm2","xmm3","xmm4",4,"XOP","not supported",,,
"VPMACSWD","xmm1","xmm2","xmm3","xmm4",4,"XOP","not supported",,,
"VPMACSWW","xmm1","xmm2","xmm3","xmm4",4,"XOP","not supported",,,
"VPMADCSSWD","xmm1","xmm2","xmm3","xmm4",4,"XOP","not supported",,,
"VPMADCSWD","xmm1","xmm2","xmm3","xmm4",4,"XOP","not supported",,,
"VPMADDUBSW","xmm1","xmm2","xmm3",,4,"AVX",1,"FP0/3",3,2
"VPMADDUBSW","ymm1","ymm2","ymm3",,4,"AVX2",1,"FP0/3",3,2
"VPMADDWD","xmm1","xmm2","xmm3",,4,"AVX",1,"FP0/3",3,2
"VPMADDWD","ymm1","ymm2","ymm3",,4,"AVX2",1,"FP0/3",3,2
"VPMASKMOVD","mem","xmm1","xmm2",,4,"AVX2","ucode",,,
"VPMASKMOVD","mem","ymm1","ymm2",,4,"AVX2","ucode",,,
"VPMASKMOVD","xmm1","xmm2","mem",,4,"AVX2",1,"FP0/1",1,2
"VPMASKMOVD","ymm1","ymm2","mem",,4,"AVX2",1,"FP0/1",1,2
"VPMASKMOVQ","mem","xmm1","xmm2",,4,"AVX2","ucode",,,
"VPMASKMOVQ","mem","ymm1","ymm2",,4,"AVX2","ucode",,,
"VPMASKMOVQ","xmm1","xmm2","mem",,4,"AVX2",1,"FP0/1",1,2
"VPMASKMOVQ","ymm1","ymm2","mem",,4,"AVX2",1,"FP0/1",1,2
"VPMAXSB","xmm1","xmm2","xmm3",,4,"AVX",1,"FP0/1/2/3",1,4
"VPMAXSB","ymm1","ymm2","ymm3",,4,"AVX2",1,"FP0/1/2/3",1,4
"VPMAXSD","xmm1","xmm2","xmm3",,4,"AVX",1,"FP0/1/2/3",1,4
"VPMAXSD","ymm1","ymm2","ymm3",,4,"AVX2",1,"FP0/1/2/3",1,4
"VPMAXSW","xmm1","xmm2","xmm3",,4,"AVX",1,"FP0/1/2/3",1,4
"VPMAXSW","ymm1","ymm2","ymm3",,4,"AVX2",1,"FP0/1/2/3",1,4
"VPMAXUB","xmm1","xmm2","xmm3",,4,"AVX",1,"FP0/1/2/3",1,4
"VPMAXUB","ymm1","ymm2","ymm3",,4,"AVX2",1,"FP0/1/2/3",1,4
"VPMAXUD","xmm1","xmm2","xmm3",,4,"AVX",1,"FP0/1/2/3",1,4
"VPMAXUD","ymm1","ymm2","ymm3",,4,"AVX2",1,"FP0/1/2/3",1,4
"VPMAXUW","xmm1","xmm2","xmm3",,4,"AVX",1,"FP0/1/2/3",1,4
"VPMAXUW","ymm1","ymm2","ymm3",,4,"AVX2",1,"FP0/1/2/3",1,4
"VPMINSB","xmm1","xmm2","xmm3",,4,"AVX",1,"FP0/1/2/3",1,4
"VPMINSB","ymm1","ymm2","ymm3",,4,"AVX2",1,"FP0/1/2/3",1,4
"VPMINSD","xmm1","xmm2","xmm3",,4,"AVX",1,"FP0/1/2/3",1,4
"VPMINSD","ymm1","ymm2","ymm3",,4,"AVX2",1,"FP0/1/2/3",1,4
"VPMINSW","xmm1","xmm2","xmm3",,4,"AVX",1,"FP0/1/2/3",1,4
"VPMINSW","ymm1","ymm2","ymm3",,4,"AVX2",1,"FP0/1/2/3",1,4
"VPMINUB","xmm1","xmm2","xmm3",,4,"AVX",1,"FP0/1/2/3",1,4
"VPMINUB","ymm1","ymm2","ymm3",,4,"AVX2",1,"FP0/1/2/3",1,4
"VPMINUD","xmm1","xmm2","xmm3",,4,"AVX",1,"FP0/1/2/3",1,4
"VPMINUD","ymm1","ymm2","ymm3",,4,"AVX2",1,"FP0/1/2/3",1,4
"VPMINUW","xmm1","xmm2","xmm3",,4,"AVX",1,"FP0/1/2/3",1,4
"VPMINUW","ymm1","ymm2","ymm3",,4,"AVX2",1,"FP0/1/2/3",1,4
"VPMOVMSKB","reg","xmm1",,,4,"AVX",1,"FP2",1,1
"VPMOVMSKB","reg","ymm1",,,4,"AVX2",1,"FP2",1,1
"VPMOVSXBD","xmm1","xmm2",,,4,"AVX",1,"FP1/2",1,2
"VPMOVSXBD","ymm1","ymm2",,,4,"AVX2",1,"FP1/2",1,2
"VPMOVSXBQ","xmm1","xmm2",,,4,"AVX",1,"FP1/2",1,2
"VPMOVSXBQ","ymm1","ymm2",,,4,"AVX2",1,"FP1/2",1,2
"VPMOVSXBW","xmm1","xmm2",,,4,"AVX",1,"FP1/2",1,2
"VPMOVSXBW","ymm1","ymm2",,,4,"AVX2",1,"FP1/2",1,2
"VPMOVSXDQ","xmm1","xmm2",,,4,"AVX",1,"FP1/2",1,2
"VPMOVSXDQ","ymm1","ymm2",,,4,"AVX2",1,"FP1/2",1,2
"VPMOVSXWD","xmm1","xmm2",,,4,"AVX",1,"FP1/2",1,2
"VPMOVSXWD","ymm1","ymm2",,,4,"AVX2",1,"FP1/2",1,2
"VPMOVSXWQ","xmm1","xmm2",,,4,"AVX",1,"FP1/2",1,2
"VPMOVSXWQ","ymm1","ymm2",,,4,"AVX2",1,"FP1/2",1,2
"VPMOVZXBD","xmm1","xmm2","imm8",,4,"AVX",1,"FP1/2",1,2
"VPMOVZXBD","ymm1","ymm2",,,4,"AVX2",1,"FP1/2",1,2
"VPMOVZXBQ","xmm1","xmm2","imm8",,4,"AVX",1,"FP1/2",1,2
"VPMOVZXBQ","ymm1","ymm2",,,4,"AVX2",1,"FP1/2",1,2
"VPMOVZXBW","xmm1","xmm2",,,4,"AVX",1,"FP1/2",1,2
"VPMOVZXBW","ymm1","ymm2",,,4,"AVX2",1,"FP1/2",1,2
"VPMOVZXDQ","xmm1","xmm2",,,4,"AVX",1,"FP1/2",1,2
"VPMOVZXDQ","ymm1","ymm2",,,4,"AVX2",1,"FP1/2",1,2
"VPMOVZXWD","xmm1","xmm2",,,4,"AVX",1,"FP1/2",1,2
"VPMOVZXWD","ymm1","ymm2",,,4,"AVX2",1,"FP1/2",1,2
"VPMOVZXWQ","xmm1","xmm2",,,4,"AVX",1,"FP1/2",1,2
"VPMOVZXWQ","ymm1","ymm2",,,4,"AVX2",1,"FP1/2",1,2
"VPMULDQ","xmm1","xmm2",,,4,"AVX",1,"FP0/3",3,2
"VPMULDQ","ymm1","ymm2",,,4,"AVX2",1,"FP0/3",3,2
"VPMULHRSW","xmm1","xmm2","xmm3",,4,"AVX",1,"FP0/3",3,2
"VPMULHRSW","ymm1","ymm2","ymm3",,4,"AVX2",1,"FP0/3",3,2
"VPMULHUW","xmm1","xmm2","xmm3",,4,"AVX",1,"FP0/3",3,2
"VPMULHUW","ymm1","ymm2","ymm3",,4,"AVX2",1,"FP0/3",3,2
"VPMULHW","xmm1","xmm2","xmm3",,4,"AVX",1,"FP0/3",3,2
"VPMULHW","ymm1","ymm2","ymm3",,4,"AVX2",1,"FP0/3",3,2
"VPMULLD","xmm1","xmm2","xmm3",,4,"AVX",1,"FP0/3",3,2
"VPMULLD","ymm1","ymm2","ymm3",,4,"AVX2",1,"FP0/3",3,2
"VPMULLW","xmm1","xmm2","xmm3",,4,"AVX",1,"FP0/3",3,2
"VPMULLW","ymm1","ymm2","ymm3",,4,"AVX2",1,"FP0/3",3,2
"VPMULUDQ","xmm1","xmm2","xmm3",,4,"AVX",1,"FP0/3",3,2
"VPMULUDQ","ymm1","ymm2","ymm3",,4,"AVX2",1,"FP0/3",3,2
"VPOR","xmm1","xmm2","xmm3",,4,"AVX",1,"FP0/1/2/3",1,4
"VPOR","ymm1","ymm2","ymm3",,4,"AVX2",1,"FP0/1/2/3",1,4
"VPPERM","xmm1","xmm2","xmm3","xmm4",4,"XOP","not supported",,,
"VPROTB","xmm1","xmm2","xmm3/imm",,4,"XOP","not supported",,,
"VPROTD","xmm1","xmm2","xmm3/imm",,4,"XOP","not supported",,,
"VPROTQ","xmm1","xmm2","xmm3/imm",,4,"XOP","not supported",,,
"VPROTW","xmm1","xmm2","xmm3/imm",,4,"XOP","not supported",,,
"VPSADBW","xmm1","xmm2","xmm3",,4,"AVX",1,"FP0/3",3,2
"VPSADBW","ymm1","ymm2","ymm3",,4,"AVX2",1,"FP0/3",3,2
"VPSHAB","xmm1","xmm2","xmm3",,4,"XOP","not supported",,,
"VPSHAD","xmm1","xmm2","xmm3",,4,"XOP","not supported",,,
"VPSHAQ","xmm1","xmm2","xmm3",,4,"XOP","not supported",,,
"VPSHAW","xmm1","xmm2","xmm3",,4,"XOP","not supported",,,
"VPSHLB","xmm1","xmm2","xmm3",,4,"XOP","not supported",,,
"VPSHLD","xmm1","xmm2","xmm3",,4,"XOP","not supported",,,
"VPSHLQ","xmm1","xmm2","xmm3",,4,"XOP","not supported",,,
"VPSHLW","xmm1","xmm2","xmm3",,4,"XOP","not supported",,,
"VPSHUFB","xmm1","xmm2","xmm3",,4,"AVX",1,"FP1/2",1,2
"VPSHUFB","ymm1","ymm2","ymm3",,4,"AVX2",1,"FP1/2",1,2
"VPSHUFD","xmm1","xmm2","imm",,4,"AVX",1,"FP1/2",1,2
"VPSHUFD","ymm1","ymm2","imm",,4,"AVX2",1,"FP1/2",1,2
"VPSHUFHW","xmm1","xmm2","imm",,4,"AVX",1,"FP1/2",1,2
"VPSHUFHW","ymm1","ymm2","imm",,4,"AVX2",1,"FP1/2",1,2
"VPSHUFLW","xmm1","xmm2","imm",,4,"AVX",1,"FP1/2",1,2
"VPSHUFLW","ymm1","ymm2","imm",,4,"AVX2",1,"FP1/2",1,2
"VPSIGNB","xmm1","xmm2","xmm3",,4,"AVX",1,"FP0/3",1,2
"VPSIGNB","ymm1","ymm2","ymm3",,4,"AVX2",1,"FP0/3",1,2
"VPSIGND","xmm1","xmm2","xmm3",,4,"AVX",1,"FP0/3",1,2
"VPSIGND","ymm1","ymm2","ymm3",,4,"AVX2",1,"FP0/3",1,2
"VPSIGNW","xmm1","xmm2","xmm3",,4,"AVX",1,"FP0/3",1,2
"VPSIGNW","ymm1","ymm2","ymm3",,4,"AVX2",1,"FP0/3",1,2
"VPSLLD","xmm1","xmm2","xmm3/imm",,4,"AVX",1,"FP1/2",1,2
"VPSLLD","ymm1","ymm2","ymm3/imm",,4,"AVX2",1,"FP1/2",1,2
"VPSLLDQ","xmm1","xmm2","imm",,4,"AVX",1,"FP1/2",1,2
"VPSLLDQ","ymm1","ymm2","imm",,4,"AVX2",1,"FP1/2",1,2
"VPSLLQ","xmm1","xmm2","xmm3/imm",,4,"AVX",1,"FP1/2",1,2
"VPSLLQ","ymm1","ymm2","ymm3/imm",,4,"AVX2",1,"FP1/2",1,2
"VPSLLVD","xmm1","xmm2","xmm3/mem",,4,"AVX2",1,"FP1/2",3,2
"VPSLLVD","ymm1","ymm2","ymm3/mem",,4,"AVX2",1,"FP1/2",3,2
"VPSLLVQ","xmm1","xmm2","xmm3/mem",,4,"AVX2",1,"FP1/2",3,2
"VPSLLVQ","ymm1","ymm2","ymm3/mem",,4,"AVX2",1,"FP1/2",3,2
"VPSLLW","xmm1","xmm2","xmm3/imm",,4,"AVX",1,"FP1/2",1,2
"VPSLLW","ymm1","ymm2","ymm3/imm",,4,"AVX2",1,"FP1/2",1,2
"VPSRAD","xmm1","xmm2","xmm3/imm",,4,"AVX",1,"FP1/2",1,2
"VPSRAD","ymm1","ymm2","ymm3/imm",,4,"AVX2",1,"FP1/2",1,2
"VPSRAVD","xmm1","xmm2","xmm3/imm",,4,"AVX2",1,"FP1/2",3,2
"VPSRAVD","ymm1","ymm2","ymm3/imm",,4,"AVX2",1,"FP1/2",3,2
"VPSRAW","xmm1","xmm2","xmm3/imm",,4,"AVX",1,"FP1/2",1,2
"VPSRAW","ymm1","ymm2","ymm3/imm",,4,"AVX2",1,"FP1/2",1,2
"VPSRLD","xmm1","xmm2","xmm3/imm",,4,"AVX",1,"FP1/2",1,2
"VPSRLD","ymm1","ymm2","ymm3/imm",,4,"AVX2",1,"FP1/2",1,2
"VPSRLDQ","xmm1","xmm2","imm",,4,"AVX",1,"FP1/2",1,2
"VPSRLDQ","ymm1","ymm2","imm",,4,"AVX2",1,"FP1/2",1,2
"VPSRLQ","xmm1","xmm2","xmm3/imm",,4,"AVX",1,"FP1/2",1,2
"VPSRLQ","ymm1","ymm2","ymm3/imm",,4,"AVX2",1,"FP1/2",1,2
"VPSRLVD","xmm1","xmm2","xmm3/mem",,4,"AVX2",1,"FP1/2",3,2
"VPSRLVD","ymm1","ymm2","ymm3/mem",,4,"AVX2",1,"FP1/2",3,2
"VPSRLVQ","xmm1","xmm2","xmm3/mem",,4,"AVX2",1,"FP1/2",3,2
"VPSRLVQ","ymm1","ymm2","ymm3/mem",,4,"AVX2",1,"FP1/2",3,2
"VPSRLW","xmm1","xmm2","xmm3/imm",,4,"AVX",1,"FP1/2",1,2
"VPSRLW","ymm1","ymm2","ymm3/imm",,4,"AVX2",1,"FP1/2",1,2
"VPSUBB","xmm1","xmm2","xmm3",,4,"AVX",1,"FP0/1/2/3",1,4
"VPSUBB","ymm1","ymm2","ymm3",,4,"AVX2",1,"FP0/1/2/3",1,4
"VPSUBD","xmm1","xmm2","xmm3",,4,"AVX",1,"FP0/1/2/3",1,4
"VPSUBD","ymm1","ymm2","ymm3",,4,"AVX2",1,"FP0/1/2/3",1,4
"VPSUBQ","xmm1","xmm2","xmm3",,4,"AVX",1,"FP0/1/2/3",1,4
"VPSUBQ","ymm1","ymm2","ymm3",,4,"AVX2",1,"FP0/1/2/3",1,4
"VPSUBSB","xmm1","xmm2","xmm3",,4,"AVX",1,"FP0/1",1,2
"VPSUBSB","ymm1","ymm2","ymm3",,4,"AVX2",1,"FP0/1",1,2
"VPSUBSW","xmm1","xmm2","xmm3",,4,"AVX",1,"FP0/1",1,2
"VPSUBSW","ymm1","ymm2","ymm3",,4,"AVX2",1,"FP0/1",1,2
"VPSUBUSB","xmm1","xmm2","xmm3",,4,"AVX",1,"FP0/1",1,2
"VPSUBUSB","ymm1","ymm2","ymm3",,4,"AVX2",1,"FP0/1",1,2
"VPSUBUSW","xmm1","xmm2","xmm3",,4,"AVX",1,"FP0/1",1,2
"VPSUBUSW","ymm1","ymm2","ymm3",,4,"AVX2",1,"FP0/1",1,2
"VPSUBW","xmm1","xmm2","xmm3",,4,"AVX",1,"FP0/1/2/3",1,4
"VPSUBW","ymm1","ymm2","ymm3",,4,"AVX2",1,"FP0/1/2/3",1,4
"VPTEST","xmm1","ymm2",,,4,"AVX",2,"FP1/2, FP4",2,1
"VPTEST","ymm1","ymm2",,,4,"AVX",2,"FP1/2, FP4",4,1
"VPUNPCKHBW","xmm1","xmm2","xmm3",,4,"AVX",1,"FP1/2",1,2
"VPUNPCKHBW","ymm1","ymm2","ymm3",,4,"AVX2",1,"FP1/2",1,2
"VPUNPCKHDQ","xmm1","xmm2","xmm3",,4,"AVX",1,"FP1/2",1,2
"VPUNPCKHDQ","ymm1","ymm2","ymm3",,4,"AVX2",1,"FP1/2",1,2
"VPUNPCKHQDQ","xmm1","xmm2","xmm3",,4,"AVX",1,"FP1/2",1,2
"VPUNPCKHQDQ","ymm1","ymm2","ymm3",,4,"AVX2",1,"FP1/2",1,2
"VPUNPCKHWD","xmm1","xmm2","xmm3",,4,"AVX",1,"FP1/2",1,2
"VPUNPCKHWD","ymm1","ymm2","ymm3",,4,"AVX2",1,"FP1/2",1,2
"VPUNPCKLBW","xmm1","xmm2","xmm3",,4,"AVX",1,"FP1/2",1,2
"VPUNPCKLBW","ymm1","ymm2","ymm3",,4,"AVX2",1,"FP1/2",1,2
"VPUNPCKLDQ","xmm1","xmm2","xmm3",,4,"AVX",1,"FP1/2",1,2
"VPUNPCKLDQ","ymm1","ymm2","ymm3",,4,"AVX2",1,"FP1/2",1,2
"VPUNPCKLQDQ","xmm1","xmm2","xmm3",,4,"AVX",1,"FP1/2",1,2
"VPUNPCKLQDQ","ymm1","ymm2","ymm3",,4,"AVX2",1,"FP1/2",1,2
"VPUNPCKLWD","xmm1","xmm2","xmm3",,4,"AVX",1,"FP1/2",1,2
"VPUNPCKLWD","ymm1","ymm2","ymm3",,4,"AVX2",1,"FP1/2",1,2
"VPXOR","xmm1","xmm2","xmm3",,4,"AVX",1,"FP0/1/2/3",1,4
"VRCPPS","xmm1","xmm2",,,4,"AVX",1,"FP0/1",5,2
"VRCPPS","ymm1","ymm2",,,4,"AVX",1,"FP0/1",3,2
"VRCPSS","xmm1","xmm2",,,4,"AVX",1,"FP0/1",3,2
"VROUNDPD","xmm1","xmm2","imm",,4,"AVX",1,"FP2/3",3,2
"VROUNDPD","ymm1","ymm2","imm",,4,"AVX",1,"FP2/3",3,2
"VROUNDPS","xmm1","xmm2","imm",,4,"AVX",1,"FP2/3",3,2
"VROUNDPS","ymm1","ymm2","imm",,4,"AVX",1,"FP2/3",3,2
"VROUNDSD","xmm1","xmm2","xmm3","imm",4,"AVX",1,"FP2/3",3,2
"VROUNDSS","xmm1","xmm2","xmm3","imm",4,"AVX",1,"FP2/3",3,2
"VRSQRTPS","xmm1","xmm2",,,4,"AVX",1,"FP0/1",3,2
"VRSQRTPS","ymm1","ymm2",,,4,"AVX",1,"FP0/1",3,2
"VRSQRTSS","xmm1","xmm2","xmm3",,4,"AVX",1,"FP0/1",3,2
"VSHUFPD","xmm1","xmm2","xmm3","imm",4,"AVX",1,"FP1/2",1,2
"VSHUFPD","ymm1","ymm2","ymm3","imm",4,"AVX",1,"FP1/2",1,2
"VSHUFPS","xmm1","xmm2","xmm3","imm",4,"AVX",1,"FP1/2",1,2
"VSHUFPS","ymm1","ymm2","ymm3","imm",4,"AVX",1,"FP1/2",1,2
"VSQRTPD","xmm1","xmm2",,,4,"AVX",1,"FP3",20,0.1
"VSQRTPD","ymm1","ymm2",,,4,"AVX",1,"FP3",20,0.1
"VSQRTPS","xmm1","xmm2",,,4,"AVX",1,"FP3",14,0.142857142857143
"VSQRTPS","ymm1","ymm2",,,4,"AVX",1,"FP3",14,0.142857142857143
"VSQRTSD","xmm1","xmm2","xmm3",,4,"AVX",1,"FP3",20,0.1
"VSQRTSS","xmm1","xmm2","xmm3",,4,"AVX",1,"FP3",14,0.142857142857143
"VSTMXCSR","mem",,,,4,"AVX","ucode",,,
"VSUBPD","xmm1","xmm2","xmm3",,4,"AVX",1,"FP2/3",3,2
"VSUBPD","ymm1","ymm2","ymm3",,4,"AVX",1,"FP2/3",3,2
"VSUBPS","xmm1","xmm2","xmm3",,4,"AVX",1,"FP2/3",3,2
"VSUBPS","ymm1","ymm2","ymm3",,4,"AVX",1,"FP2/3",3,2
"VSUBSD","xmm1","xmm2","xmm3",,4,"AVX",1,"FP2/3",3,2
"VSUBSS","xmm1","xmm2","xmm3",,4,"AVX",1,"FP2/3",3,2
"VTESTPD","xmm1","xmm2",,,4,"AVX",1,"FP1/2",1,2
"VTESTPD","ymm1","ymm2",,,4,"AVX",1,"FP1/2",1,2
"VTESTPS","xmm1","xmm2",,,4,"AVX",1,"FP1/2",1,2
"VTESTPS","ymm1","ymm2",,,4,"AVX",1,"FP1/2",1,2
"VUCOMISD","xmm1","xmm2",,,4,"AVX",2,"FP2/3, FP4",2,1
"VUCOMISS","xmm1","xmm2",,,4,"AVX",2,"FP2/3, FP4",2,1
"VUNPCKHPD","xmm1","xmm2","xmm3",,4,"AVX",1,"FP1/2",1,2
"VUNPCKHPD","ymm1","ymm2","ymm3",,4,"AVX",1,"FP1/2",1,2
"VUNPCKHPS","xmm1","xmm2","xmm3",,4,"AVX",1,"FP1/2",1,2
"VUNPCKHPS","ymm1","ymm2","ymm3",,4,"AVX",1,"FP1/2",1,2
"VUNPCKLPD","xmm1","xmm2","xmm3",,4,"AVX",1,"FP1/2",1,2
"VUNPCKLPD","ymm1","ymm2","ymm3",,4,"AVX",1,"FP1/2",1,2
"VUNPCKLPS","xmm1","xmm2","xmm3",,4,"AVX",1,"FP1/2",1,2
"VUNPCKLPS","ymm1","ymm2","ymm3",,4,"AVX",1,"FP1/2",1,2
"VXORPD","xmm1","xmm2","xmm3",,4,"AVX",1,"FP0/1/2/3",1,4
"VXORPD","ymm1","ymm2","ymm3",,4,"AVX",1,"FP0/1/2/3",1,4
"VXORPS","xmm1","xmm2","xmm3",,4,"AVX",1,"FP0/1/2/3",1,4
"VXORPS","ymm1","ymm2","ymm3",,4,"AVX",1,"FP0/1/2/3",1,4
"VZEROALL",,,,,4,"AVX","ucode",,,
"VZEROUPPER",,,,,4,"AVX",1,,0,1
"WAIT",,,,,5,"general","None",,,
"WBINVD",,,,,3,"general","ucode",,,
"WBNOINVD",,,,,3,"WBNOINVD","ucode",,"ucode","ucode"
"WRFSBASE","reg",,,,3,"FSGSBASE","ucode",,"ucode","ucode"
"WRGSBASE","reg",,,,3,"FSGSBASE","ucode",,"ucode","ucode"
"WRMSR",,,,,3,"general","ucode",,,
"WRPKRU",,,,,3,"OSPKE","ucode",,,
"WRSS","reg32/64",,,,3,"SS","ucode",,,
"WRUSS","reg32/64",,,,3,"SS","ucode",,,
"XADD",,,,,3,"general","ucode",,1,0.3
"XCHG",,,,,3,"general",2,,1,0.5
"XGETBV",,,,,4,"XSAVE","ucode",,,
"XLAT","mem8",,,,3,"general","ucode",,,
"XLATB",,,,,3,"general","ucode",,,
"XOR","reg","reg",,,3,"general",1,"ALU",1,4
"XORPD","xmm1","xmm2",,,4,"SSE2",1,"FP0/1/2/3",1,4
"XORPS","xmm1","xmm2",,,4,"SSE",1,"FP0/1/2/3",1,4
"XRSTOR","mem",,,,4,"XSAVE","ucode",,,
"XRSTORS","mem",,,,4,"XSAVES","ucode",,"ucode","ucode"
"XSAVE","mem",,,,4,"XSAVE","ucode",,,
"XSAVEC","mem",,,,4,"XSAVEC","ucode",,"ucode","ucode"
"XSAVEOPT","mem",,,,4,"XSAVEOPT","ucode",,,
"XSAVES","mem",,,,4,"XSAVES","ucode",,"ucode","ucode"
"XSETBV",,,,,4,"XSAVE","ucode",,,
